id,Количество.комнат,Студия,Общая.площадь,Этаж,Этажей.в.доме,Парковка,Без.ремонта,Дизайнерский,Евроремонт,Косметический,Балкон,Лоджия,Совмещенный.санузел,Раздельный.санузел,Лифт,Грузовой.лифт,Мусоропровод,Год.постройки,Аварийный,Железобетонные.перекрытия,Смешанные.перекрытия,Деревянные.перекрытия,Иные.перекрытия,Панельные.стены,Блочные.стены,Деревянные.стены,Кирпичные.стены,Монолитные.стены,Смешанные.стены,Школа.1000,ВУЗ.1000,ТЦ.1000,Стоматология.1000,Почта.1000,Поликлиника.1000,Парк.1000,Остановка.1000,Одежда..1000,Супер3кет.1000,Кинотеатр.1000,Кафе.1000,АЗС.1000,Детский.сад.1000,Бар.1000,Банк.1000,Аптека.1000,Цена
1122,1,0,33.6,5,9,0,0,0,0,1,1,0,1,0,1,0,1,2013,0,1,0,0,0,1,0,0,0,0,0,2,2,2,8,0,1,1,4,1,8,0,6,1,12,5,2,12,2030000.0
1369,1,0,32.0,2,5,0,0,0,0,1,1,0,1,0,0,0,0,1975,0,1,0,0,0,1,0,0,0,0,0,2,0,3,3,2,1,2,11,5,2,0,6,2,5,1,5,14,1400000.0
901,2,0,48.3,2,14,0,0,0,1,0,0,0,1,0,1,0,1,1984,0,1,0,0,0,0,0,0,1,0,0,12,4,1,5,5,1,2,11,5,4,0,8,1,23,5,10,23,2950000.0
379,3,0,86.0,7,15,0,0,0,1,0,0,1,0,1,1,0,1,2013,0,1,0,0,0,1,0,0,0,0,0,1,2,2,7,0,1,1,4,1,8,0,6,0,11,5,1,12,5250000.0
162,1,1,18.0,1,5,0,0,0,0,1,0,0,1,0,0,0,0,1973,0,1,0,0,0,1,0,0,0,0,0,3,0,0,1,2,3,0,7,0,2,0,1,3,4,3,0,9,1080000.0
1316,1,0,29.0,3,5,0,0,0,0,1,0,0,0,0,0,0,0,1977,0,1,0,0,0,0,0,0,1,0,0,2,1,1,5,1,1,0,9,15,0,0,4,6,8,3,1,3,1800000.0
304,1,0,35.5,5,9,0,0,0,0,1,1,0,1,0,1,0,1,1993,0,1,0,0,0,0,0,0,1,0,0,3,0,1,16,3,4,1,14,11,7,0,5,2,23,8,11,29,2300000.0
760,1,0,35.8,8,9,0,0,0,0,1,0,1,0,1,1,0,1,1989,0,1,0,0,0,1,0,0,0,0,0,9,3,2,10,4,4,0,10,8,7,0,10,4,20,4,15,30,1950000.0
1616,1,0,34.0,4,10,0,1,0,0,0,1,0,0,1,1,0,1,2008,0,1,0,0,0,1,0,0,0,0,0,7,1,5,20,4,3,1,10,8,10,0,8,3,35,6,5,19,2050000.0
362,2,0,45.5,5,5,0,0,0,1,0,0,0,1,0,0,0,0,1962,0,1,0,0,0,1,0,0,0,0,0,9,4,2,10,4,5,0,11,8,6,0,11,4,20,4,15,31,2350000.0
727,2,0,44.3,2,5,0,0,0,0,1,1,0,0,1,0,0,0,1975,0,1,0,0,0,1,0,0,0,0,0,8,1,3,5,2,3,0,9,5,5,0,2,5,10,1,5,8,2100000.0
661,2,0,54.0,1,9,0,0,0,0,1,0,0,0,1,1,0,1,1982,0,1,0,0,0,1,0,0,0,0,0,3,0,1,3,2,2,0,6,3,1,0,4,2,11,0,4,7,2250000.0
170,1,0,12.0,3,5,0,0,0,0,1,0,0,0,0,0,0,1,1978,0,1,0,0,0,1,0,0,0,0,0,3,0,0,1,1,3,0,6,0,2,0,1,3,4,3,0,8,550000.0
1203,2,0,62.0,8,10,0,0,0,0,1,1,1,0,0,2,0,1,1997,0,1,0,0,0,1,0,0,0,0,0,8,6,2,20,4,4,3,29,31,12,0,19,2,30,8,18,31,3500000.0
132,4,0,85.0,7,9,0,0,0,0,1,3,0,0,1,1,0,1,1973,0,1,0,0,0,1,0,0,0,0,0,5,1,3,11,3,5,1,13,2,10,0,8,3,22,3,7,16,3800000.0
886,2,0,43.0,4,5,0,0,0,0,1,1,0,0,0,0,0,0,1966,0,1,0,0,0,1,0,0,0,0,0,5,2,0,9,2,1,1,12,4,6,0,5,2,16,5,3,13,2790000.0
972,1,0,40.0,3,16,0,0,0,0,1,0,0,0,0,1,1,1,2010,0,1,0,0,0,0,0,0,1,0,0,2,0,0,5,2,2,0,10,2,2,0,4,2,11,4,1,11,2260000.0
1138,2,0,54.0,6,9,0,0,0,0,1,0,1,0,1,1,0,1,1983,0,1,0,0,0,1,0,0,0,0,0,4,2,1,10,2,0,0,13,17,8,0,10,3,18,4,10,21,3450000.0
1599,2,0,74.0,3,11,0,1,0,0,0,1,0,0,1,0,0,0,2018,0,1,0,0,0,0,0,0,1,0,0,3,10,4,14,2,7,0,21,24,5,0,21,6,10,9,24,19,4200000.0
681,1,0,36.0,8,10,0,0,0,1,0,1,0,1,0,1,0,1,2014,0,1,0,0,0,0,0,0,1,0,0,1,0,0,2,1,1,0,2,1,3,0,1,2,8,0,3,6,2240000.0
823,2,0,48.0,5,9,0,0,0,0,1,0,0,0,0,1,0,1,1993,0,1,0,0,0,0,0,0,1,0,0,5,3,1,4,2,4,0,11,4,8,0,5,3,11,1,2,13,2950000.0
751,2,0,41.0,1,9,0,0,0,0,1,0,0,0,1,1,0,1,1988,0,1,0,0,0,1,0,0,0,0,0,4,1,0,4,1,4,0,11,1,7,0,5,1,9,1,0,10,2050000.0
14,4,0,82.0,10,10,1,0,0,1,0,2,0,1,0,1,0,1,2000,0,1,0,0,0,1,0,0,0,0,0,5,0,1,25,4,4,0,11,13,10,0,6,0,28,7,13,35,5000000.0
329,2,0,54.0,5,5,0,0,0,0,1,1,0,0,1,0,0,1,1976,0,1,0,0,0,1,0,0,0,0,0,5,0,1,7,2,3,0,9,2,5,0,7,2,13,2,8,9,3050000.0
343,1,0,41.36,7,9,0,0,0,0,1,0,1,1,0,1,0,1,2013,0,1,0,0,0,0,0,0,1,0,0,4,1,1,3,2,4,0,11,4,7,0,3,1,9,1,2,12,2590000.0
164,1,0,18.0,4,5,0,0,0,0,1,0,0,0,0,0,0,0,1973,0,1,0,0,0,1,0,0,0,0,0,3,0,0,1,2,3,0,7,0,2,0,1,3,4,3,0,9,950000.0
1243,2,0,48.0,3,5,0,0,0,1,0,1,0,0,1,0,0,0,1970,0,1,0,0,0,1,0,0,0,0,0,7,6,2,4,3,3,1,10,6,2,0,7,5,17,3,9,19,2380000.0
87,2,0,44.3,2,5,1,0,0,0,1,1,0,0,1,0,0,0,1970,0,1,0,0,0,1,0,0,0,0,0,6,0,3,7,2,3,0,11,5,5,0,2,3,11,0,5,12,2600000.0
82,2,0,45.7,1,5,0,0,0,0,1,0,0,1,0,0,0,0,1963,0,1,0,0,0,1,0,0,0,0,0,9,6,3,9,3,4,0,11,8,6,0,9,4,19,4,12,27,1950000.0
1190,2,0,54.0,1,10,0,0,0,0,1,1,0,0,1,1,0,1,2007,0,1,0,0,0,1,0,0,0,0,0,7,0,1,5,4,2,1,9,5,4,0,6,1,15,3,7,20,3100000.0
305,1,0,40.5,4,9,0,0,0,0,1,1,0,0,1,1,0,1,1993,0,1,0,0,0,0,0,0,1,0,0,3,0,1,16,3,4,1,14,11,7,0,5,2,23,8,11,29,2250000.0
15,2,0,53.0,1,10,0,0,0,0,1,0,0,0,1,1,0,1,1987,0,1,0,0,0,1,0,0,0,0,0,4,0,3,25,5,4,1,11,14,9,0,5,1,36,13,10,27,3100000.0
811,3,0,46.2,3,5,0,0,0,0,1,1,0,0,1,0,0,0,1971,0,1,0,0,0,1,0,0,0,0,0,8,1,1,7,2,0,0,17,4,3,0,6,3,9,1,4,7,2630000.0
1091,2,0,44.0,1,5,0,0,0,0,1,0,0,0,1,0,0,0,1972,0,1,0,0,0,1,0,0,0,0,0,2,1,0,5,1,3,0,5,4,3,1,2,5,4,2,1,6,1900000.0
1015,2,0,53.0,1,10,0,0,0,0,1,0,0,0,1,1,0,1,2010,0,1,0,0,0,1,0,0,0,0,0,1,0,3,16,2,5,1,15,9,6,0,9,3,24,6,4,22,3050000.0
1112,1,0,38.0,10,14,0,0,0,0,1,0,1,1,0,1,0,1,2014,0,1,0,0,0,0,0,0,0,0,1,1,2,2,8,1,1,1,5,2,8,0,7,2,17,4,2,13,2180000.0
294,1,1,14.0,5,5,0,0,0,0,1,0,0,1,0,0,0,0,1966,0,1,0,0,0,1,0,0,0,0,0,7,11,1,9,3,2,3,3,22,5,0,10,0,13,2,13,17,810000.0
629,2,0,48.0,5,5,0,0,0,0,1,1,0,0,0,0,0,0,1965,0,1,0,0,0,1,0,0,0,0,0,8,3,2,7,3,3,0,16,10,4,1,10,4,14,2,15,14,2600000.0
1522,2,0,53.0,5,10,0,1,0,0,0,1,0,0,1,1,0,1,1990,0,1,0,0,0,1,0,0,0,0,0,5,0,5,24,6,2,1,10,16,11,0,10,1,37,11,6,25,3000000.0
721,1,1,17.1,5,5,0,0,0,0,1,0,0,1,0,0,0,0,1970,0,1,0,0,0,1,0,0,0,0,0,8,1,3,6,2,3,0,9,5,5,0,2,4,10,1,5,8,1000000.0
903,3,0,61.2,5,5,0,0,0,0,1,1,0,0,1,0,0,0,1966,0,1,0,0,0,1,0,0,0,0,0,13,6,1,6,4,1,2,12,7,7,0,8,0,24,5,11,23,2750000.0
547,2,0,54.0,10,10,0,0,0,0,1,1,0,0,1,1,0,1,2007,0,1,0,0,0,1,0,0,0,0,0,3,0,1,16,2,4,0,11,13,9,0,5,0,25,7,11,34,3250000.0
481,2,0,54.0,9,9,0,0,0,0,1,0,1,0,1,1,0,1,1982,0,1,0,0,0,1,0,0,0,0,0,6,1,2,5,0,2,0,2,0,4,0,0,2,9,1,1,5,2500000.0
402,5,0,116.0,5,10,1,0,0,1,0,2,0,0,2,1,0,1,1996,0,1,0,0,0,1,0,0,0,0,0,8,5,2,18,4,4,3,27,25,12,0,15,2,29,9,18,31,6800000.0
335,1,0,28.5,1,2,0,0,0,0,1,0,0,1,0,0,0,0,1951,1,0,0,1,0,0,1,0,0,0,0,1,0,0,0,1,0,0,2,0,0,0,0,1,1,0,0,0,1265000.0
247,2,0,72.0,5,5,1,0,0,0,1,0,0,0,1,0,0,0,1940,0,0,1,0,0,0,0,0,1,0,0,3,0,3,3,1,2,0,4,8,1,0,3,1,4,2,2,4,3300000.0
236,2,0,34.1,3,9,1,0,0,0,1,0,0,1,0,2,0,0,1974,0,1,0,0,0,0,0,0,1,0,0,2,0,3,12,2,2,1,8,16,4,0,17,5,6,3,9,12,1750000.0
524,3,0,50.0,5,5,0,0,0,0,1,1,0,1,0,0,0,0,1967,0,1,0,0,0,1,0,0,0,0,0,8,2,2,9,2,2,0,18,9,2,0,7,4,14,1,6,11,2500000.0
122,1,0,38.0,9,9,0,0,0,0,1,1,0,0,1,1,0,1,1981,0,1,0,0,0,1,0,0,0,0,0,6,11,2,17,3,3,1,9,25,6,0,9,5,12,3,12,12,2150000.0
687,1,1,10.0,1,10,0,0,0,0,1,0,0,1,0,1,0,0,1983,0,1,0,0,0,1,0,0,0,0,0,3,0,1,3,2,2,0,6,4,1,0,4,2,11,0,4,7,499000.0
1371,1,0,31.0,4,5,0,0,0,0,1,0,0,1,0,0,0,0,1975,0,1,0,0,0,1,0,0,0,0,0,2,0,3,3,2,1,2,11,5,2,0,6,2,5,1,5,14,1300000.0
587,4,0,80.0,7,10,0,0,0,0,1,1,0,0,1,1,0,1,1990,0,1,0,0,0,1,0,0,0,0,0,3,0,4,19,4,1,1,12,6,7,0,5,5,28,7,4,14,3700000.0
341,1,0,42.0,7,10,0,0,0,0,1,1,0,0,1,1,1,1,2007,0,1,0,0,0,1,0,0,0,0,0,1,0,0,2,2,0,0,2,1,1,0,0,1,7,0,0,3,2300000.0
667,1,0,38.0,8,18,0,0,0,0,1,1,0,0,1,1,1,1,2016,0,1,0,0,0,0,0,0,0,1,0,3,0,0,4,2,2,0,5,2,3,0,3,2,13,0,5,10,1950000.0
1331,4,0,61.0,1,5,0,0,0,0,1,0,0,0,1,0,0,0,1974,0,1,0,0,0,1,0,0,0,0,0,2,0,3,4,1,0,2,8,4,2,0,4,4,10,2,3,10,3000000.0
581,2,0,53.4,6,10,0,0,0,0,1,1,0,0,0,1,0,1,2006,0,1,0,0,0,0,0,0,1,0,0,3,0,0,15,1,4,0,9,4,6,0,2,0,16,5,9,25,3200000.0
1186,2,0,49.0,2,4,1,0,0,0,1,0,0,0,1,0,0,0,1952,0,0,0,1,0,0,0,0,1,0,0,3,1,1,5,2,3,1,7,1,4,0,5,3,10,1,4,12,2500000.0
1357,3,0,63.6,1,9,0,0,0,0,1,1,0,0,1,1,0,1,1979,0,1,0,0,0,1,0,0,0,0,0,2,0,2,3,1,0,1,9,0,3,0,4,4,6,2,2,10,2550000.0
829,3,0,56.0,3,5,0,0,0,0,1,1,0,1,0,0,0,0,1969,0,1,0,0,0,0,0,0,1,0,0,8,2,3,5,3,1,0,15,5,7,0,6,3,15,1,6,12,2800000.0
1056,2,0,54.0,1,9,0,0,0,0,1,0,0,0,1,0,0,0,1977,0,1,0,0,0,1,0,0,0,0,0,5,3,1,11,2,1,1,13,5,3,0,8,3,12,2,6,17,2750000.0
3,1,0,41.0,4,10,0,0,0,0,1,1,0,0,0,1,0,1,1993,0,1,0,0,0,1,0,0,0,0,0,3,0,4,19,4,0,1,12,15,7,0,7,2,31,9,5,19,2500000.0
1212,2,0,64.0,4,5,0,0,0,0,1,1,0,0,1,0,0,0,1975,0,1,0,0,0,0,0,0,1,0,0,8,28,5,23,5,7,3,19,76,9,1,43,3,16,33,30,21,4000000.0
726,3,0,58.0,4,5,0,0,0,0,1,1,0,0,1,0,0,0,1971,0,1,0,0,0,1,0,0,0,0,0,8,1,3,6,2,3,0,9,5,5,0,2,4,12,1,5,9,2500000.0
1551,1,0,32.0,2,5,1,1,0,0,0,0,0,1,0,0,0,0,1969,0,1,0,0,0,1,0,0,0,0,0,13,14,1,14,4,2,2,8,24,6,0,9,1,22,4,13,24,1650000.0
276,3,0,70.0,15,17,1,0,0,0,1,1,0,0,1,1,1,1,2014,0,1,0,0,0,0,0,0,1,0,0,1,0,2,13,2,3,0,11,6,6,0,7,3,16,4,4,22,4100000.0
1593,3,0,65.0,2,9,0,1,0,0,0,1,0,0,1,1,0,1,1983,0,1,0,0,0,0,0,0,1,0,0,8,16,4,21,5,7,3,19,66,9,1,38,4,15,25,29,20,4000000.0
590,4,0,84.0,2,9,0,0,0,0,1,1,0,0,1,1,0,1,1988,0,1,0,0,0,1,0,0,0,0,0,4,0,4,21,4,1,1,13,7,8,0,6,5,30,9,5,18,3400000.0
928,2,0,54.0,10,10,0,0,0,0,1,1,0,0,1,0,0,0,2015,0,1,0,0,0,1,0,0,0,0,0,3,0,0,1,1,2,0,7,0,0,0,2,1,4,0,1,4,2410000.0
818,1,0,31.6,1,5,0,0,0,0,1,0,0,1,0,0,0,0,1974,0,1,0,0,0,1,0,0,0,0,0,2,1,1,4,1,0,1,5,10,2,0,5,8,5,1,0,3,1500000.0
1386,3,0,48.4,5,5,0,0,0,0,1,1,0,0,1,0,0,0,1968,0,1,0,0,0,1,0,0,0,0,0,4,0,1,7,3,3,1,7,4,6,0,3,0,11,2,5,9,2850000.0
248,3,0,78.0,1,5,0,0,0,0,1,0,0,0,1,0,0,0,1956,0,0,1,0,0,0,0,0,1,0,0,6,9,2,11,3,5,0,8,9,5,0,10,4,19,6,12,28,3600000.0
1162,4,0,82.0,13,14,0,0,0,0,1,1,0,0,1,1,1,1,2003,0,1,0,0,0,1,0,0,0,0,0,6,5,1,13,3,2,1,23,16,11,0,12,2,21,5,12,26,4850000.0
1516,4,0,94.3,3,5,0,1,0,0,0,1,0,0,2,0,0,0,1962,0,0,0,1,0,0,0,0,1,0,0,5,43,9,16,4,6,3,22,80,6,2,64,2,12,48,37,18,5600000.0
101,3,0,68.0,5,10,0,0,0,0,1,2,0,1,0,1,0,0,1996,0,1,0,0,0,1,0,0,0,0,0,5,1,4,9,2,2,1,7,11,4,0,8,3,10,1,12,15,3500000.0
1069,4,0,62.0,3,5,1,0,0,0,1,1,0,0,1,0,0,0,1970,0,1,0,0,0,1,0,0,0,0,0,5,0,1,8,1,1,0,9,4,3,0,5,2,11,0,9,10,2800000.0
1218,1,0,27.0,8,9,0,0,0,0,1,1,0,1,0,1,0,1,1989,0,1,0,0,0,0,0,0,1,0,0,2,6,0,2,1,2,0,3,1,1,0,1,0,8,1,0,5,1700000.0
805,2,0,56.0,13,17,1,0,0,1,0,1,1,1,0,2,0,1,1969,0,1,0,0,0,1,0,0,0,0,0,4,2,5,12,3,1,2,12,45,5,1,18,3,10,2,13,20,3600000.0
306,4,0,82.0,5,10,1,0,0,1,0,1,0,0,1,1,0,1,1994,0,1,0,0,0,1,0,0,0,0,0,4,0,4,27,5,4,1,11,16,11,0,9,2,42,12,10,30,4050000.0
550,2,0,52.4,10,10,0,0,0,0,1,1,0,0,1,1,0,0,2000,0,1,0,0,0,1,0,0,0,0,0,2,0,0,17,2,4,0,9,9,6,0,4,0,19,5,9,30,3200000.0
1436,4,0,84.0,4,10,0,0,0,0,1,1,0,0,1,1,0,1,1991,0,1,0,0,0,1,0,0,0,0,0,6,0,3,5,2,1,1,11,5,2,0,4,2,8,0,5,14,3850000.0
161,1,0,14.0,3,5,1,0,0,1,0,0,0,0,0,0,0,0,1973,0,1,0,0,0,1,0,0,0,0,0,3,0,0,1,2,3,0,7,0,2,0,1,3,4,3,0,9,850000.0
996,2,0,48.0,4,5,0,0,0,0,1,1,0,1,0,0,0,0,1966,0,1,0,0,0,0,0,0,1,0,0,8,28,5,22,5,7,3,19,79,9,1,47,3,17,35,32,25,3050000.0
1164,2,0,46.0,4,5,0,0,0,0,1,1,0,1,0,0,0,0,1973,0,1,0,0,0,0,0,0,1,0,0,7,28,5,23,5,7,3,19,70,9,1,42,4,16,31,30,22,2900000.0
1255,2,0,45.6,3,5,0,0,0,0,1,0,0,1,0,0,0,0,1968,0,1,0,0,0,1,0,0,0,0,0,9,4,2,10,4,4,0,11,7,7,0,10,5,20,4,16,32,2350000.0
1216,2,0,64.0,4,5,0,0,0,1,0,1,0,1,0,0,0,0,1966,0,1,0,0,0,0,0,0,1,0,0,5,25,8,15,3,7,1,16,31,5,1,55,2,10,28,32,17,3970000.0
1478,2,0,42.0,5,5,0,1,0,0,0,1,0,1,0,0,0,0,1961,0,1,0,0,0,0,1,0,0,0,0,7,6,1,8,3,3,2,8,15,5,0,7,3,20,5,9,28,1900000.0
1333,4,0,82.0,4,10,0,0,0,0,1,1,0,0,1,1,0,1,1993,0,1,0,0,0,1,0,0,0,0,0,2,0,1,2,1,0,2,6,0,3,0,2,2,7,1,2,5,3150000.0
936,2,0,46.0,7,9,0,0,1,0,0,0,0,0,1,1,0,0,1975,0,1,0,0,0,0,0,0,1,0,0,6,2,2,8,2,2,1,13,10,6,0,5,2,17,2,10,14,2200000.0
384,4,0,81.0,9,10,0,0,0,1,0,1,0,0,1,0,0,1,2006,0,1,0,0,0,1,0,0,0,0,0,5,2,0,7,1,1,1,12,3,3,0,6,1,13,4,3,14,4900000.0
645,1,1,37.8,9,10,0,0,0,0,1,1,0,1,0,0,1,1,2015,0,1,0,0,0,0,0,0,1,0,0,1,0,0,2,1,1,0,2,1,3,0,2,1,8,0,3,6,1800000.0
533,1,0,30.6,4,5,0,0,0,1,0,1,0,1,0,0,0,0,1966,0,1,0,0,0,1,0,0,0,0,0,7,2,4,10,3,1,0,12,6,12,0,8,3,20,3,6,17,1700000.0
302,1,0,58.0,17,17,0,0,0,0,1,1,0,0,1,0,0,0,2009,0,0,1,0,0,0,1,0,0,0,0,3,0,3,17,5,4,1,11,12,7,0,6,3,19,11,7,23,3400000.0
1592,2,0,49.0,1,9,0,1,0,0,0,0,1,0,1,1,0,1,1973,0,1,0,0,0,1,0,0,0,0,0,8,4,2,18,3,3,3,17,22,10,1,15,2,30,10,17,30,2654000.0
53,1,0,41.0,10,10,0,0,0,0,1,1,0,0,1,1,0,1,2006,0,1,0,0,0,1,0,0,0,0,0,2,1,7,28,1,2,2,21,66,6,1,34,5,18,16,24,23,2650000.0
1377,3,0,81.6,3,4,0,0,0,0,1,1,0,0,1,0,0,0,1943,0,0,1,0,0,0,0,0,1,0,0,3,7,0,4,2,1,1,1,2,1,0,1,0,6,4,3,4,4200000.0
980,2,0,42.0,7,9,0,0,0,0,1,1,0,0,1,1,0,1,1988,0,1,0,0,0,1,0,0,0,0,0,3,1,0,10,3,3,0,14,3,3,0,6,2,16,4,5,15,2500000.0
511,3,0,94.0,2,5,0,0,0,0,1,0,0,1,0,0,0,0,1937,0,1,0,0,0,0,0,0,0,0,1,5,43,10,15,5,6,3,21,86,6,2,65,2,12,50,36,18,5500000.0
918,1,0,42.0,5,10,0,0,0,0,1,0,0,0,0,0,0,0,2012,0,1,0,0,0,1,0,0,0,0,0,3,0,0,25,1,1,0,9,9,10,0,4,1,25,6,13,23,2340000.0
905,2,0,45.8,3,5,0,0,0,0,1,1,0,1,0,0,0,0,1965,0,1,0,0,0,1,0,0,0,0,0,8,4,1,7,3,3,0,16,11,3,1,12,4,14,2,14,13,2430000.0
1217,2,0,46.0,2,5,1,0,0,0,1,0,0,0,1,0,0,0,1960,0,1,0,0,0,0,0,0,1,0,0,5,9,2,17,3,3,0,13,26,5,0,18,4,15,12,15,13,2300000.0
284,1,0,14.0,5,5,0,0,0,0,1,0,0,1,0,0,0,0,1969,0,1,0,0,0,1,0,0,0,0,0,2,0,0,2,1,1,0,2,0,0,0,0,0,2,2,0,4,750000.0
1131,2,0,54.0,6,9,0,0,0,0,1,1,0,0,1,1,0,0,1976,0,1,0,0,0,1,0,0,0,0,0,5,9,9,12,4,5,1,14,32,5,1,40,1,13,21,27,19,3500000.0
604,3,0,73.0,10,10,0,0,1,0,0,1,1,0,1,1,1,1,2009,0,1,0,0,0,1,0,0,0,0,0,4,0,4,16,5,0,1,10,13,7,0,6,3,22,11,6,16,4200000.0
848,1,0,40.8,1,9,0,0,0,0,1,0,1,0,1,1,0,1,1978,0,1,0,0,0,1,0,0,0,0,0,6,40,9,17,4,9,0,18,45,5,1,60,4,10,38,33,18,2500000.0
898,3,0,112.5,6,10,0,0,0,0,1,3,0,1,1,1,0,1,2015,0,1,0,0,0,0,0,0,1,0,0,11,4,2,6,4,1,2,15,4,4,0,8,1,21,3,7,23,4800000.0
370,3,0,78.7,14,25,1,0,0,0,1,0,1,1,0,1,1,1,2017,0,1,0,0,0,0,0,0,1,0,0,2,2,3,8,1,0,1,6,2,9,0,8,3,17,4,2,13,4330000.0
1228,1,0,37.0,3,17,0,0,0,0,1,1,0,1,0,1,0,1,2012,0,1,0,0,0,0,0,0,0,1,0,2,0,0,11,1,3,0,11,3,4,0,7,3,15,3,3,17,2300000.0
150,1,0,14.0,5,5,0,0,0,0,1,0,0,1,0,0,0,0,1988,0,1,0,0,0,1,0,0,0,0,0,8,0,3,13,4,7,0,12,3,11,0,11,2,27,4,12,17,850000.0
1269,2,0,63.0,5,5,0,0,0,0,1,1,0,1,0,0,0,0,1968,0,1,0,0,0,0,0,0,1,0,0,4,27,10,15,3,7,0,14,36,5,1,63,1,9,33,35,18,3950000.0
75,3,0,68.0,8,10,0,0,0,1,0,0,1,0,0,1,0,1,2001,0,1,0,0,0,0,0,0,0,0,1,2,8,6,21,2,4,1,19,38,5,0,23,8,17,10,17,22,4250000.0
195,1,0,32.0,9,10,0,0,0,0,1,0,1,1,0,1,0,1,2011,0,1,0,0,0,0,0,0,1,0,0,3,0,2,2,2,3,1,10,3,5,0,2,3,8,3,2,11,2000000.0
582,3,0,68.1,7,10,0,0,0,1,0,1,0,0,1,1,0,1,1995,0,1,0,0,0,1,0,0,0,0,0,3,0,0,17,1,4,0,11,11,6,0,6,0,17,7,9,27,4355000.0
902,2,0,44.5,3,5,0,0,0,0,1,1,0,0,1,0,0,0,1966,0,1,0,0,0,1,0,0,0,0,0,13,6,1,6,4,1,2,12,7,7,0,8,0,24,5,11,23,2500000.0
1481,2,0,43.1,3,5,0,1,0,0,0,1,0,1,0,0,0,0,1965,0,1,0,0,0,1,0,0,0,0,0,7,3,2,8,3,4,1,13,12,4,1,16,3,14,1,15,14,2300000.0
1163,2,0,46.2,4,5,0,0,0,0,1,1,0,1,0,0,0,0,1973,0,1,0,0,0,0,0,0,1,0,0,7,28,5,23,5,7,3,19,70,9,1,42,4,16,31,30,22,2900000.0
1143,4,0,80.5,6,9,0,0,0,1,0,1,0,1,0,1,0,1,1984,0,1,0,0,0,1,0,0,0,0,0,7,6,1,16,4,2,1,24,18,10,0,11,2,24,5,14,27,4950000.0
90,3,0,49.0,4,5,0,0,0,0,1,1,0,0,0,0,0,0,1973,0,1,0,0,0,1,0,0,0,0,0,5,0,4,7,2,3,1,14,5,5,0,3,3,13,0,6,15,2300000.0
1426,2,0,44.1,4,5,0,0,0,0,1,1,0,0,1,0,0,0,1973,0,1,0,0,0,1,0,0,0,0,0,6,0,3,5,2,3,1,11,5,2,0,4,2,8,0,5,15,2000000.0
470,2,0,38.5,1,2,0,0,0,0,1,0,0,1,0,0,0,0,1957,0,0,0,1,0,0,1,0,0,0,0,4,1,2,5,4,2,1,10,4,5,0,7,3,11,2,6,12,1450000.0
1543,3,0,55.0,1,2,0,1,0,0,0,0,0,1,0,0,0,0,1962,0,1,0,0,0,0,1,0,0,0,0,4,1,1,4,2,4,0,11,4,8,0,4,2,9,1,1,13,2000000.0
94,2,0,37.0,2,2,1,0,0,0,1,0,0,0,0,0,0,0,1960,0,0,0,1,0,0,1,0,0,0,0,4,0,0,5,2,2,0,6,1,3,0,2,4,8,0,3,5,1350000.0
1542,2,0,53.1,2,5,1,1,0,0,0,1,0,0,1,0,0,0,1974,0,1,0,0,0,1,0,0,0,0,0,5,2,5,10,3,1,2,12,46,5,1,18,2,9,2,13,20,3000000.0
245,2,0,46.0,3,5,0,0,0,1,0,1,0,1,0,0,0,0,1964,0,1,0,0,0,1,0,0,0,0,0,6,3,2,8,3,4,1,11,12,4,1,17,2,15,1,16,15,2800000.0
1596,1,0,31.9,9,10,0,1,0,0,0,1,0,1,0,1,0,1,2010,0,1,0,0,0,0,0,0,1,0,0,2,1,2,24,1,1,1,10,57,7,1,17,2,20,9,19,18,1980000.0
888,1,0,52.0,2,24,1,0,0,0,1,1,1,1,0,1,0,1,2014,0,1,0,0,0,0,0,0,1,0,0,4,20,0,4,3,2,1,5,0,5,0,3,1,13,3,2,7,3270000.0
1265,1,0,46.0,14,17,0,0,0,0,1,1,0,1,0,1,1,1,2012,0,1,0,0,0,0,0,0,1,0,0,1,0,3,14,2,5,1,15,6,3,0,9,3,21,6,3,19,2900000.0
479,2,0,57.0,1,9,0,0,0,0,1,0,1,0,1,1,0,1,1982,0,1,0,0,0,1,0,0,0,0,0,6,1,2,5,0,2,0,2,0,4,0,0,2,9,1,1,5,2450000.0
1193,1,0,31.7,5,9,0,0,0,0,1,1,0,0,1,1,0,1,1992,0,1,0,0,0,1,0,0,0,0,0,6,0,1,4,4,1,1,10,3,5,0,5,1,14,2,5,17,1950000.0
1527,1,0,31.0,1,5,1,1,0,0,0,0,0,0,0,0,0,0,1965,0,1,0,0,0,1,0,0,0,0,0,7,3,1,6,3,3,0,17,10,3,1,10,4,13,2,15,13,2000000.0
130,4,0,79.8,5,9,0,0,0,0,1,2,0,0,1,1,0,1,1985,0,1,0,0,0,1,0,0,0,0,0,6,1,6,15,4,3,0,11,8,8,0,7,4,30,5,5,19,3750000.0
1343,2,0,45.0,2,5,0,0,1,0,0,1,0,0,1,0,0,0,1973,0,1,0,0,0,1,0,0,0,0,0,5,5,2,7,4,3,1,11,3,3,0,5,3,11,2,6,18,2500000.0
423,3,0,58.9,6,17,0,0,0,0,1,1,0,0,1,1,0,1,2016,0,1,0,0,0,0,0,0,1,0,0,0,0,0,0,0,1,0,1,0,0,0,0,0,5,1,0,2,3200000.0
728,4,0,79.4,1,9,0,0,0,0,1,0,0,0,1,1,0,1,1979,0,1,0,0,0,1,0,0,0,0,0,4,3,2,9,2,3,0,10,2,9,0,9,3,15,5,2,17,3375000.0
887,1,0,49.0,7,17,1,0,1,0,0,1,0,1,0,1,1,1,2007,0,1,0,0,0,0,0,0,1,0,0,1,8,0,3,0,3,1,4,0,2,0,1,1,4,0,1,1,3050000.0
828,3,0,56.0,3,5,0,0,0,0,1,1,0,1,0,0,0,0,1969,0,1,0,0,0,0,0,0,1,0,0,8,2,3,5,3,1,0,15,5,7,0,6,3,15,1,6,12,2900000.0
330,3,0,76.0,2,9,0,0,0,0,1,0,1,1,0,1,0,1,1974,0,1,0,0,0,1,0,0,0,0,0,8,4,2,17,3,2,3,18,22,10,1,13,2,28,10,16,31,3950000.0
953,1,0,32.5,1,5,0,0,0,0,1,1,0,0,1,0,0,1,1985,0,1,0,0,0,1,0,0,0,0,0,1,0,0,1,1,1,1,3,0,2,0,0,4,5,2,1,1,1700000.0
123,1,0,38.0,9,9,0,0,0,0,1,1,0,0,1,1,0,1,1981,0,1,0,0,0,1,0,0,0,0,0,6,11,2,17,3,3,1,9,25,6,0,9,5,12,3,12,12,1900000.0
1123,1,0,31.4,10,18,1,0,0,0,1,1,0,1,0,1,1,0,2017,0,1,0,0,0,0,0,0,1,0,0,1,2,3,9,2,0,1,8,2,9,0,9,3,13,5,4,12,2000000.0
301,2,0,74.0,3,18,0,0,0,0,1,2,0,0,1,1,0,1,2009,0,0,1,0,0,0,1,0,0,0,0,3,0,3,17,5,4,1,11,12,7,0,6,3,19,11,7,23,4400000.0
274,1,0,42.0,6,10,0,0,0,0,1,0,1,0,0,1,0,1,2008,0,1,0,0,0,1,0,0,0,0,0,3,0,0,2,2,1,0,5,2,3,0,0,1,13,0,1,7,2100000.0
1139,4,0,75.0,1,9,1,0,0,1,0,0,0,0,1,1,0,1,1981,0,1,0,0,0,1,0,0,0,0,0,6,2,1,9,2,0,0,14,15,9,0,10,2,19,3,11,22,3950000.0
283,1,0,14.0,1,5,0,0,0,0,1,0,0,0,1,0,0,0,1969,0,1,0,0,0,1,0,0,0,0,0,2,0,0,2,1,1,0,2,0,0,0,0,0,2,2,0,4,750000.0
1180,2,0,46.0,2,5,0,0,0,1,0,1,0,1,0,0,0,0,1972,0,1,0,0,0,0,0,0,1,0,0,4,3,3,9,3,1,2,11,13,5,0,10,3,13,2,12,16,2650000.0
1469,2,0,45.0,4,5,0,1,0,0,0,1,0,1,0,0,0,0,1966,0,1,0,0,0,1,0,0,0,0,0,7,1,2,7,5,5,1,13,5,10,0,6,1,19,3,8,17,1900000.0
1223,1,1,19.0,3,5,0,0,0,0,1,0,0,1,0,0,0,0,1973,0,1,0,0,0,0,0,0,1,0,0,1,0,0,0,1,2,0,2,1,0,0,0,0,5,0,0,2,1150000.0
233,1,0,24.0,1,5,0,0,0,0,1,0,0,1,0,0,0,0,1974,0,1,0,0,0,1,0,0,0,0,0,4,0,2,3,1,2,1,6,8,2,0,4,5,5,3,2,6,1100000.0
340,1,0,40.0,2,10,0,0,0,0,1,0,0,0,0,1,0,1,2013,0,1,0,0,0,1,0,0,0,0,0,1,0,3,14,2,5,1,15,8,3,0,14,6,19,8,3,19,2400000.0
505,4,0,95.0,4,4,0,0,1,0,0,1,0,0,1,0,0,0,1937,0,0,0,1,0,0,0,0,1,0,0,7,11,3,18,5,5,3,19,62,8,1,36,4,14,22,27,22,5100000.0
1286,3,0,73.7,2,4,0,0,0,0,1,1,0,0,1,0,0,0,1935,0,1,0,0,0,0,0,0,1,0,0,7,6,3,18,6,5,3,15,59,8,1,30,4,12,18,25,16,3880000.0
1170,1,1,15.0,1,5,0,0,0,1,0,0,0,1,0,0,0,0,1972,0,1,0,0,0,1,0,0,0,0,0,6,1,1,10,2,1,1,13,5,3,0,8,3,14,2,7,17,800000.0
1080,3,0,73.0,3,9,0,0,0,0,1,0,1,0,1,1,0,1,1982,0,1,0,0,0,1,0,0,0,0,0,2,1,0,1,1,2,0,6,6,4,0,2,6,3,1,1,5,3500000.0
838,3,0,91.0,8,17,0,0,0,0,1,3,0,0,0,1,1,1,2013,0,1,0,0,0,0,0,0,0,1,0,3,1,6,35,1,2,4,19,80,7,1,30,2,23,14,26,31,5500000.0
469,1,0,31.0,5,5,0,0,0,0,1,0,0,0,0,0,0,0,1975,0,1,0,0,0,1,0,0,0,0,0,3,1,1,5,2,2,1,8,2,5,0,7,3,11,1,4,11,1550000.0
553,1,0,45.0,1,14,0,0,0,0,1,0,1,0,1,1,1,1,2010,0,1,0,0,0,1,0,0,0,0,0,3,0,3,11,5,0,1,10,12,5,0,6,3,19,8,6,14,2500000.0
1200,4,0,82.0,5,10,0,0,0,0,1,1,0,0,1,1,0,1,1992,0,1,0,0,0,1,0,0,0,0,0,7,2,0,11,3,1,0,22,10,8,0,10,2,19,5,11,24,4900000.0
1063,2,0,44.4,4,5,0,0,0,0,1,1,0,0,1,0,0,0,1969,0,1,0,0,0,1,0,0,0,0,0,4,0,0,7,2,1,0,9,2,2,0,2,0,10,1,7,11,2250000.0
1337,2,0,51.0,1,9,0,0,0,0,1,0,1,0,1,1,0,1,1974,0,1,0,0,0,1,0,0,0,0,0,5,0,3,4,1,0,2,6,4,1,0,3,1,7,1,3,11,2350000.0
278,3,0,65.4,12,16,1,0,0,0,1,0,1,0,1,1,1,1,2016,0,1,0,0,0,1,0,0,0,0,0,1,0,2,15,1,4,0,9,8,6,0,7,2,18,6,3,22,4150000.0
927,2,0,50.0,1,5,0,0,0,1,0,0,0,0,0,0,0,0,1993,0,1,0,0,0,1,0,0,0,0,0,2,0,0,1,1,2,0,6,0,0,0,2,1,4,0,1,4,2700000.0
610,3,0,61.0,2,5,1,0,0,0,1,1,0,0,1,0,0,0,1967,0,1,0,0,0,1,0,0,0,0,0,5,0,0,5,1,1,0,7,1,3,0,0,2,13,0,3,8,3430000.0
640,2,0,44.6,2,5,0,0,0,0,1,1,0,0,1,0,0,0,1967,0,1,0,0,0,1,0,0,0,0,0,12,10,1,6,4,1,3,9,14,5,0,8,1,19,4,13,26,2075000.0
1352,1,0,33.1,1,9,0,0,0,1,0,0,0,1,0,1,0,1,1978,0,1,0,0,0,1,0,0,0,0,0,10,3,1,7,5,1,2,13,4,5,0,9,1,19,5,9,23,2000000.0
578,2,0,81.0,2,10,0,0,0,1,0,1,1,1,0,1,0,1,2001,0,1,0,0,0,0,0,0,1,0,0,4,0,0,29,2,4,0,13,48,10,1,13,0,30,12,13,36,5000000.0
1151,1,0,18.0,5,5,1,0,1,0,0,0,0,0,0,0,0,0,1966,0,1,0,0,0,1,0,0,0,0,0,4,3,3,8,2,2,1,9,14,4,1,19,6,9,1,7,11,1050000.0
95,2,0,36.0,1,2,0,0,0,0,1,0,0,1,0,0,0,0,1960,0,0,0,1,0,0,1,0,0,0,0,4,0,0,5,2,2,0,6,1,3,0,2,4,8,0,3,5,1950000.0
51,2,0,52.31,1,9,0,0,0,0,1,0,0,0,1,1,0,1,1984,0,1,0,0,0,1,0,0,0,0,0,3,8,0,4,2,1,0,10,3,3,0,4,2,12,3,2,9,2800000.0
194,3,0,63.0,5,5,1,0,0,0,1,2,0,1,0,0,0,0,1969,0,1,0,0,0,1,0,0,0,0,0,4,0,2,7,3,3,1,10,4,6,0,3,0,14,3,5,13,3450000.0
405,3,0,65.0,9,9,0,0,0,0,1,1,0,0,1,1,0,1,1981,0,1,0,0,0,0,0,0,1,0,0,5,4,5,16,3,3,3,28,59,10,1,24,2,22,8,18,26,4050000.0
404,2,0,50.6,2,5,0,0,0,0,1,0,1,0,1,0,0,0,1977,0,1,0,0,0,0,0,0,1,0,0,7,6,3,24,4,3,3,29,42,11,1,19,2,28,9,20,31,3150000.0
105,2,0,50.0,9,10,0,0,1,0,0,1,0,0,1,1,0,1,2011,0,1,0,0,0,1,0,0,0,0,0,5,1,2,2,0,2,0,2,0,2,0,0,1,6,1,1,3,3100000.0
1358,2,0,52.0,4,9,0,0,0,0,1,0,1,0,0,1,0,1,1977,0,1,0,0,0,1,0,0,0,0,0,2,0,3,2,1,0,1,8,4,1,0,4,5,5,2,3,10,2600000.0
1612,2,0,46.0,1,5,0,1,0,0,0,0,0,1,0,0,0,0,1983,0,1,0,0,0,1,0,0,0,0,0,4,0,5,6,0,3,1,6,5,3,0,3,2,12,1,3,11,1720000.0
293,1,0,18.0,1,5,0,0,0,0,1,0,0,1,0,0,0,0,1966,0,1,0,0,0,1,0,0,0,0,0,7,11,1,9,3,2,3,3,22,5,0,10,0,13,2,13,17,900000.0
440,1,0,47.0,14,17,1,0,0,0,1,0,0,1,0,2,1,1,1999,0,1,0,0,0,1,0,0,0,0,0,0,0,0,1,0,1,0,2,0,0,0,0,1,5,1,0,4,2300000.0
516,2,0,47.6,2,9,0,0,0,0,1,1,0,0,0,1,0,0,1969,0,1,0,0,0,1,0,0,0,0,0,8,2,2,10,2,2,0,18,10,2,0,7,4,15,2,7,11,2950000.0
1546,4,0,84.0,5,10,0,1,0,0,0,1,0,0,1,1,0,1,1995,0,1,0,0,0,1,0,0,0,0,0,3,5,7,27,3,6,4,27,39,10,0,29,8,17,16,38,28,4550000.0
372,1,0,39.4,23,25,0,0,0,0,1,1,1,1,0,0,0,1,2017,0,1,0,0,0,0,0,0,1,0,0,2,2,3,8,1,0,1,6,2,9,0,8,3,17,4,2,13,2450000.0
1388,3,0,63.0,3,9,0,0,0,0,1,1,0,0,1,1,0,1,1990,0,1,0,0,0,0,0,0,1,0,0,4,0,1,5,2,2,0,6,3,4,0,3,1,9,1,3,7,3460000.0
308,4,0,82.0,6,10,0,0,0,0,1,0,0,0,1,1,0,1,1999,0,1,0,0,0,1,0,0,0,0,0,4,0,3,28,5,4,1,11,14,10,0,7,2,39,12,10,29,4450000.0
596,2,0,56.3,5,10,0,0,0,0,1,0,1,1,0,0,1,1,2009,0,1,0,0,0,0,0,0,1,0,0,5,0,3,28,5,4,1,13,15,14,0,7,1,34,12,11,36,3250000.0
664,3,0,68.0,3,9,0,0,0,1,0,2,0,0,0,1,0,1,1984,0,1,0,0,0,1,0,0,0,0,0,4,0,1,5,2,2,0,6,4,1,0,3,2,12,0,5,8,4000000.0
1582,3,0,66.0,4,5,0,1,0,0,0,1,0,0,1,0,0,0,1973,0,1,0,0,0,0,0,0,1,0,0,4,29,5,21,6,7,3,21,81,10,2,47,5,17,36,31,25,3700000.0
1518,2,0,50.4,4,9,0,1,0,0,0,0,1,0,1,1,0,1,1968,0,1,0,0,0,1,0,0,0,0,0,8,2,3,7,3,3,0,13,5,12,0,8,3,18,1,6,16,2450000.0
1574,1,0,34.3,6,9,0,1,0,0,0,0,0,0,0,1,0,0,1980,0,1,0,0,0,0,0,0,1,0,0,0,0,0,1,1,1,0,4,2,0,0,1,3,1,1,0,3,1600000.0
1345,2,0,45.0,5,5,0,0,0,0,1,1,0,1,0,0,0,0,1962,0,1,0,0,0,1,0,0,0,0,0,5,1,2,8,4,3,1,10,2,4,0,7,3,12,2,6,17,2160000.0
1053,2,0,42.0,4,9,0,0,0,1,0,0,1,1,0,1,0,1,1974,0,1,0,0,0,1,0,0,0,0,0,4,7,1,9,2,3,0,9,13,6,1,11,4,13,7,3,12,2600000.0
373,1,0,39.9,24,24,0,0,0,0,1,0,1,1,0,0,0,0,2017,0,1,0,0,0,0,0,0,1,0,0,2,2,3,8,1,0,1,6,2,9,0,8,3,17,4,2,13,2397000.0
747,1,0,39.0,4,16,0,0,0,0,1,0,1,0,1,1,1,1,2016,0,1,0,0,0,0,0,0,1,0,0,1,1,0,1,1,2,0,7,0,2,0,1,1,2,1,0,5,1975000.0
401,1,0,29.5,2,2,0,0,0,0,1,1,1,1,0,0,0,0,1960,1,0,0,1,0,0,1,0,0,0,0,5,0,1,6,3,2,2,9,5,3,0,8,1,17,2,8,17,1350000.0
1455,2,0,46.0,1,5,0,1,0,0,0,0,0,0,0,0,0,0,1972,0,1,0,0,0,1,0,0,0,0,0,8,4,2,17,3,2,3,18,20,9,1,16,2,28,10,16,29,2400000.0
793,1,0,14.0,2,5,0,0,0,0,1,0,0,0,1,0,0,0,1968,0,1,0,0,0,1,0,0,0,0,0,4,0,2,3,1,2,1,5,9,2,0,4,5,5,2,2,5,750000.0
1013,3,0,62.0,4,5,0,0,0,0,1,1,0,1,0,0,0,0,1971,0,1,0,0,0,0,0,0,1,0,0,5,27,5,23,5,6,3,19,67,9,1,36,4,15,28,30,20,3490000.0
602,4,0,79.0,10,10,0,0,0,0,1,0,0,0,1,1,0,1,2009,0,1,0,0,0,1,0,0,0,0,0,5,0,3,29,5,3,1,9,14,11,0,9,1,35,12,9,27,4300000.0
904,3,0,61.2,5,5,0,0,0,0,1,1,0,0,1,0,0,0,1966,0,1,0,0,0,1,0,0,0,0,0,13,6,1,6,4,1,2,12,7,7,0,8,0,24,5,11,23,2750000.0
724,1,0,17.0,2,5,0,0,0,0,1,0,0,1,0,0,0,0,1970,0,1,0,0,0,1,0,0,0,0,0,8,1,3,6,2,3,0,9,5,5,0,2,4,10,1,5,8,950000.0
1250,1,0,34.0,5,5,1,0,0,0,1,0,0,1,0,0,0,0,1960,0,0,0,1,0,0,0,0,1,0,0,9,8,2,10,3,4,0,11,8,7,0,10,5,19,4,14,33,1550000.0
357,1,0,38.0,6,9,0,0,0,0,1,1,0,1,0,1,0,1,1989,0,1,0,0,0,1,0,0,0,0,0,3,0,1,2,1,2,0,6,2,0,0,2,0,8,0,3,5,1700000.0
144,2,0,44.8,3,5,0,0,0,0,1,1,0,1,0,0,0,0,1974,0,1,0,0,0,1,0,0,0,0,0,8,1,3,11,3,5,0,13,3,10,0,10,2,31,3,9,17,2490000.0
420,1,0,29.0,5,17,1,0,0,0,1,1,0,1,0,1,0,1,2015,0,1,0,0,0,0,0,0,1,0,0,0,0,0,0,0,1,0,1,0,0,0,0,1,5,1,0,2,1500000.0
375,2,0,68.0,17,24,1,0,0,0,1,1,0,1,0,1,0,1,2016,0,1,0,0,0,0,0,0,1,0,0,2,2,3,9,1,0,1,5,2,9,0,9,3,17,4,2,13,3800000.0
1177,2,0,44.8,4,5,0,0,0,0,1,1,0,1,0,0,0,0,1962,0,1,0,0,0,1,0,0,0,0,0,4,4,5,12,3,2,2,13,45,5,1,17,3,14,3,11,17,2700000.0
205,1,1,14.0,5,5,0,0,0,0,1,0,0,1,0,0,0,1,1967,0,1,0,0,0,1,0,0,0,0,0,5,0,2,7,5,4,1,14,5,11,0,6,1,18,3,8,16,820000.0
1559,1,0,42.0,10,10,0,1,0,0,0,0,1,0,1,1,0,1,2009,0,1,0,0,0,1,0,0,0,0,0,2,0,0,1,1,2,0,8,0,0,0,2,1,4,0,1,4,2100000.0
7,2,0,54.0,6,6,0,0,0,0,1,0,1,0,1,1,0,1,1992,0,1,0,0,0,1,0,0,0,0,0,3,0,4,15,3,0,1,12,11,7,0,5,3,28,9,5,18,2900000.0
1547,1,0,30.9,1,5,1,1,0,0,0,0,0,0,0,0,0,0,1964,0,1,0,0,0,0,0,0,1,0,0,5,4,3,13,3,3,3,13,44,1,2,18,3,18,8,8,16,1800000.0
1509,3,0,66.6,3,10,1,1,0,0,0,0,2,0,1,1,0,1,1988,0,1,0,0,0,1,0,0,0,0,0,6,1,2,4,0,2,0,2,1,2,0,0,2,8,1,1,4,2750000.0
1092,3,0,60.0,3,10,0,0,0,0,1,2,0,1,0,0,0,0,2000,0,1,0,0,0,0,0,0,1,0,0,1,0,0,1,1,1,0,5,2,0,0,0,3,1,0,0,3,3650000.0
125,3,0,60.0,4,5,0,0,0,0,1,1,0,1,0,0,0,0,1968,0,1,0,0,0,1,0,0,0,0,0,7,11,2,16,3,3,2,8,24,6,0,7,6,16,2,12,14,3075000.0
309,4,0,83.0,2,10,0,0,0,0,1,1,0,0,1,1,0,1,1999,0,1,0,0,0,1,0,0,0,0,0,4,0,3,28,5,4,1,11,14,10,0,7,2,39,12,10,29,4350000.0
1183,1,0,19.0,3,5,0,0,0,0,1,0,0,1,0,0,0,0,1964,0,1,0,0,0,1,0,0,0,0,0,4,1,2,5,2,2,1,9,1,5,0,6,3,10,1,4,12,950000.0
1597,2,0,53.0,10,10,0,1,0,0,0,1,0,0,1,1,0,1,2008,0,1,0,0,0,1,0,0,0,0,0,2,1,8,26,1,3,1,19,34,6,0,29,6,16,13,15,22,3400000.0
670,1,0,37.0,5,10,1,0,0,0,1,1,0,0,1,0,1,1,2012,0,1,0,0,0,1,0,0,0,0,0,3,0,0,4,1,1,0,2,1,3,0,3,2,12,0,3,8,2100000.0
264,2,0,42.0,4,5,0,0,0,0,1,1,0,1,0,0,0,0,1964,0,0,1,0,0,0,0,0,1,0,0,9,8,2,11,3,4,0,11,9,7,0,9,5,18,4,14,34,2680000.0
1246,2,0,56.0,2,6,0,0,0,0,1,0,0,0,1,0,0,0,1957,0,1,0,0,0,0,0,0,1,0,0,4,2,1,5,3,2,1,8,1,1,0,4,4,11,1,3,8,2400000.0
1607,3,0,50.7,4,5,0,1,0,0,0,1,0,0,1,0,0,0,1974,0,1,0,0,0,1,0,0,0,0,0,2,0,3,4,1,0,2,8,4,2,0,4,4,10,2,3,10,2480000.0
899,2,0,42.0,9,9,0,0,0,0,1,0,1,0,1,1,0,1,1975,0,1,0,0,0,1,0,0,0,0,0,12,4,1,7,4,1,2,12,6,5,0,9,0,22,5,9,22,2399000.0
677,1,0,33.3,1,10,0,0,1,0,0,0,0,1,0,0,2,1,2006,0,1,0,0,0,0,0,0,0,1,0,1,0,0,2,1,1,0,2,1,3,0,2,3,9,0,3,6,1880000.0
1220,1,0,38.0,8,10,0,0,0,0,1,0,1,0,1,1,0,1,1996,0,1,0,0,0,0,0,0,1,0,0,1,0,0,0,1,3,0,2,1,0,0,0,0,1,0,0,2,2350000.0
259,2,0,43.0,3,5,0,0,0,0,1,1,0,1,0,0,0,0,1960,0,0,1,0,0,0,0,0,1,0,0,8,6,1,7,4,4,1,10,15,6,0,6,4,18,5,12,28,2200000.0
1493,2,0,54.0,24,25,0,1,0,0,0,1,0,1,0,0,0,1,2017,0,1,0,0,0,0,0,0,1,0,0,2,2,3,8,1,0,1,6,2,9,0,8,3,17,4,2,13,3400000.0
355,1,0,29.0,4,9,0,0,0,0,1,1,0,0,1,1,0,1,1988,0,1,0,0,0,1,0,0,0,0,0,3,0,1,2,1,2,0,6,2,0,0,2,0,8,0,3,5,1700000.0
24,3,0,84.0,5,9,0,0,0,0,1,1,1,0,1,1,0,1,2000,0,1,0,0,0,1,0,0,0,0,0,2,1,2,18,0,1,0,12,58,8,1,12,0,18,7,11,22,4900000.0
614,4,0,62.0,2,5,0,0,0,0,1,1,0,0,1,0,0,0,1967,0,1,0,0,0,1,0,0,0,0,0,4,0,0,5,2,1,0,8,1,3,0,0,3,11,0,3,8,2700000.0
649,1,0,48.0,11,16,0,0,0,0,1,2,0,0,0,1,1,1,2016,0,1,0,0,0,0,0,0,1,0,0,1,0,0,2,1,1,0,1,1,3,0,1,0,8,0,3,6,2150000.0
1613,2,0,52.4,3,5,0,1,0,0,0,0,1,0,1,0,0,1,1990,0,0,1,0,0,0,0,0,1,0,0,6,0,3,4,2,2,2,11,5,2,0,4,2,6,0,5,14,2700000.0
1277,1,0,47.1,6,16,0,0,0,0,1,1,0,0,1,1,0,1,2016,0,1,0,0,0,1,0,0,0,0,0,0,0,2,3,0,0,0,4,9,2,0,5,1,5,1,0,4,2750000.0
1418,1,0,33.0,2,5,0,0,0,0,1,1,0,1,0,0,0,0,1971,0,1,0,0,0,1,0,0,0,0,0,3,0,3,4,2,0,2,9,4,1,0,6,4,8,2,5,12,1390000.0
1114,1,0,33.8,14,14,1,0,0,0,1,0,1,1,0,1,1,1,2016,0,1,0,0,0,0,0,0,1,0,0,1,2,2,7,1,1,1,5,2,9,0,7,2,15,4,2,13,2150000.0
1260,2,0,80.0,7,10,0,0,0,0,1,1,1,0,1,0,0,1,2005,0,1,0,0,0,0,0,0,1,0,0,3,6,7,30,2,2,4,26,32,7,0,35,6,19,19,33,28,5100000.0
867,1,0,45.0,2,2,0,0,1,0,0,0,0,1,0,0,0,0,1948,0,0,0,1,0,0,0,0,0,0,1,10,14,1,15,4,3,3,8,24,7,0,9,2,24,4,13,22,2000000.0
430,1,0,26.0,3,18,0,0,0,0,1,0,1,0,0,1,0,1,2016,0,1,0,0,0,0,0,0,1,0,0,0,0,0,0,0,1,0,1,0,0,0,0,0,3,1,0,2,1600000.0
44,1,0,54.0,5,10,0,0,0,0,1,1,0,1,0,1,0,1,2012,0,1,0,0,0,1,0,0,0,0,0,2,0,0,2,2,0,0,3,1,1,0,0,1,7,0,0,4,3150000.0
542,2,0,47.6,6,11,0,0,0,0,1,0,0,0,0,1,0,0,1971,0,1,0,0,0,0,0,0,1,0,0,8,2,2,8,2,2,0,17,9,2,0,5,3,15,1,7,12,2780000.0
768,1,0,14.0,2,5,0,0,0,0,1,0,0,0,0,0,0,0,1957,0,1,0,0,0,1,0,0,0,0,0,1,0,2,2,1,3,2,5,2,1,0,3,4,4,2,1,4,800000.0
368,2,0,40.0,11,24,0,0,0,0,1,1,0,1,0,0,0,0,2017,0,1,0,0,0,0,0,0,1,0,0,2,2,3,8,1,0,1,6,2,8,0,7,2,16,5,2,12,2550000.0
969,2,0,52.0,3,5,0,0,0,0,1,0,0,0,0,0,0,0,1987,0,1,0,0,0,0,0,0,1,0,0,3,1,0,10,3,3,1,14,5,3,0,8,2,18,3,7,17,3200000.0
1389,4,0,85.0,1,10,0,0,0,0,1,0,0,0,0,1,0,1,1994,0,1,0,0,0,0,0,0,1,0,0,4,0,1,6,2,2,0,6,3,4,0,3,1,9,2,4,8,3950000.0
872,2,0,42.2,3,5,0,0,0,0,1,1,0,0,1,0,0,0,1961,0,1,0,0,0,0,0,0,1,0,0,2,19,0,3,1,1,1,4,0,4,0,4,1,12,1,1,5,2260000.0
912,1,0,40.5,8,10,0,0,0,0,1,1,0,1,0,1,0,1,2008,0,1,0,0,0,1,0,0,0,0,0,2,1,6,23,1,1,1,15,54,4,1,29,6,16,13,15,20,2550000.0
1405,2,0,43.2,2,5,0,0,0,0,1,1,0,0,1,0,0,0,1971,0,1,0,0,0,1,0,0,0,0,0,5,0,4,6,0,2,1,5,5,5,0,2,2,10,1,2,8,2150000.0
1471,2,0,44.4,4,5,0,1,0,0,0,1,0,0,1,0,0,0,1969,0,1,0,0,0,1,0,0,0,0,0,4,0,2,7,3,3,1,10,4,6,0,3,0,13,3,5,13,2250000.0
1264,1,0,41.0,10,10,0,0,0,0,1,1,0,0,1,1,0,1,2013,0,1,0,0,0,1,0,0,0,0,0,1,0,3,15,2,5,1,14,7,5,0,10,4,21,8,3,20,2550000.0
367,1,0,39.0,4,25,1,0,0,1,0,0,1,1,0,1,1,1,2017,0,1,0,0,0,0,0,0,1,0,0,2,2,3,8,1,0,1,6,2,8,0,7,2,16,5,2,12,2400000.0
1261,1,0,56.0,10,12,0,0,0,0,1,0,1,0,1,1,0,1,2007,0,1,0,0,0,0,0,0,1,0,0,3,6,5,28,2,4,1,23,30,5,0,30,7,15,16,18,24,3500000.0
947,1,1,26.5,16,16,0,0,0,0,1,1,0,1,0,1,1,1,2018,0,1,0,0,0,1,0,0,0,0,0,0,0,0,2,1,1,0,3,0,1,0,1,4,2,1,0,0,1650000.0
843,1,0,54.7,10,10,0,0,0,0,1,1,0,1,0,1,0,1,2007,0,1,0,0,0,0,0,0,1,0,0,3,1,2,27,1,0,0,13,63,10,1,18,1,27,9,18,28,3450000.0
660,3,0,63.7,7,9,0,0,0,0,1,1,0,0,1,1,0,1,1982,0,1,0,0,0,1,0,0,0,0,0,3,0,1,3,2,2,0,6,3,1,0,4,2,11,0,4,7,3050000.0
1020,2,0,65.4,2,16,0,0,0,0,1,0,0,0,1,1,1,1,2012,0,1,0,0,0,1,0,0,0,0,0,1,0,3,16,2,4,1,15,9,6,0,9,2,23,6,4,21,4000000.0
454,2,0,44.0,5,5,0,0,0,1,0,1,0,1,0,0,0,0,1970,0,1,0,0,0,1,0,0,0,0,0,6,2,2,3,3,2,0,10,4,5,0,4,3,12,1,5,10,2480000.0
1404,1,0,26.2,1,2,0,0,0,1,0,0,0,0,0,0,0,0,1961,0,0,0,1,0,0,0,0,1,0,0,7,1,2,5,1,3,0,6,1,5,0,1,3,10,1,2,7,1230000.0
1119,1,0,45.0,1,10,1,0,0,0,1,0,1,0,1,1,0,1,2014,0,0,1,0,0,1,0,0,0,0,0,1,2,2,8,1,1,1,4,2,8,0,6,1,13,5,2,13,2700000.0
950,3,0,65.0,8,9,0,0,0,0,1,0,1,0,1,1,0,1,1990,0,1,0,0,0,0,0,0,1,0,0,6,4,2,14,3,5,2,13,40,4,0,13,3,7,9,14,12,4050000.0
1155,3,0,46.2,5,9,0,0,0,0,1,1,0,0,1,0,0,0,1969,0,1,0,0,0,1,0,0,0,0,0,3,2,4,9,2,4,1,12,18,4,1,25,5,11,2,13,16,2610000.0
1229,3,0,64.3,1,2,0,0,0,1,0,0,0,0,1,0,0,0,1952,0,0,0,1,0,0,0,0,1,0,0,4,9,2,12,3,3,0,12,12,9,1,13,5,20,8,5,17,3150000.0
736,1,0,49.0,6,14,0,0,0,0,1,1,0,0,1,1,0,1,2011,0,1,0,0,0,0,0,0,0,1,0,2,2,4,11,1,1,1,9,4,11,0,10,3,20,5,4,20,2600000.0
1573,2,0,70.0,1,18,0,1,0,0,0,1,0,1,0,0,0,1,2017,0,1,0,0,0,0,0,0,1,0,0,2,1,1,5,2,1,0,7,1,1,1,3,5,4,2,1,7,3150000.0
981,3,0,61.7,5,5,0,0,0,0,1,0,1,0,1,0,0,0,1987,0,1,0,0,0,0,0,0,1,0,0,2,0,1,14,3,4,1,14,4,2,0,8,1,20,5,3,19,3500000.0
1185,1,0,31.0,1,2,0,0,0,0,1,0,0,1,0,0,0,0,1957,0,0,0,1,0,0,1,0,0,0,0,4,1,2,7,4,2,1,12,4,5,0,7,3,13,2,6,15,1380000.0
65,4,0,81.3,8,10,0,0,0,0,1,1,0,0,1,1,0,1,1994,0,1,0,0,0,1,0,0,0,0,0,3,7,6,34,2,4,4,25,33,10,0,39,5,19,20,37,27,4800000.0
153,1,0,18.0,3,5,0,0,0,0,1,0,0,1,0,0,0,0,1970,0,1,0,0,0,1,0,0,0,0,0,3,0,1,1,2,3,0,8,1,4,0,1,3,7,3,2,10,1100000.0
1016,1,0,44.0,7,14,0,0,0,0,1,1,0,0,0,2,1,1,2013,0,1,0,0,0,1,0,0,0,0,0,1,0,3,16,2,4,1,14,9,6,0,9,1,23,6,4,22,2800000.0
261,1,0,31.0,1,5,0,0,0,0,1,4,1,1,0,0,0,0,1960,0,0,1,0,0,1,0,0,0,0,0,8,6,1,7,4,4,1,10,16,6,0,6,4,19,5,12,28,1650000.0
1192,2,0,54.0,5,10,0,0,0,0,1,1,0,0,1,1,0,1,2007,0,1,0,0,0,1,0,0,0,0,0,7,0,1,5,4,2,1,9,5,4,0,6,1,15,3,7,20,2800000.0
219,3,0,56.0,10,12,0,0,0,0,1,0,0,0,0,1,0,1,1969,0,1,0,0,0,1,0,0,0,0,0,5,11,1,15,2,4,3,6,25,5,0,9,2,15,3,13,14,2850000.0
1508,2,0,44.6,4,5,0,1,0,0,0,1,0,0,0,0,0,0,1964,0,1,0,0,0,1,0,0,0,0,0,3,1,1,5,2,2,1,7,2,5,0,6,3,11,1,4,10,2200000.0
974,2,0,60.0,23,24,0,0,0,0,1,2,0,1,0,0,0,1,2018,0,1,0,0,0,0,0,0,0,1,0,2,1,0,5,2,2,0,10,2,2,0,4,2,13,4,1,12,3363000.0
1350,2,0,48.0,5,5,0,0,0,0,1,0,1,0,0,0,0,1,1976,0,1,0,0,0,1,0,0,0,0,0,13,3,1,7,5,1,2,13,4,5,0,9,1,21,5,10,24,2660000.0
241,2,0,45.0,3,5,0,0,0,0,1,1,0,0,1,0,0,0,1963,0,1,0,0,0,1,0,0,0,0,0,3,1,4,9,2,4,1,11,14,5,1,24,3,11,2,15,17,2650000.0
366,2,0,53.0,20,24,1,0,0,0,1,1,0,1,0,1,1,1,2017,0,1,0,0,0,0,0,0,1,0,0,2,2,3,8,1,0,1,6,2,8,0,7,2,16,5,2,12,3200000.0
409,2,0,65.4,9,14,0,0,0,0,1,1,0,0,1,4,0,1,2015,0,1,0,0,0,1,0,0,0,0,0,0,0,0,1,0,1,0,3,0,0,0,0,1,4,1,0,3,2976200.0
1342,2,0,44.0,4,5,0,0,0,0,1,1,0,0,1,0,0,0,1973,0,1,0,0,0,1,0,0,0,0,0,5,5,2,7,4,3,1,11,3,3,0,5,3,11,2,6,18,2490000.0
770,1,0,14.0,4,5,0,0,0,0,1,0,0,1,0,0,0,0,1957,0,1,0,0,0,1,0,0,0,0,0,1,0,2,2,1,3,2,5,2,1,0,3,4,4,2,1,4,800000.0
270,3,0,55.6,2,5,1,0,0,1,0,1,0,1,0,0,0,0,1962,0,1,0,0,0,1,0,0,0,0,0,4,10,1,7,2,2,1,4,3,2,0,5,1,10,4,9,14,3300000.0
1240,1,0,36.0,7,9,0,0,0,0,1,0,1,1,0,1,0,1,1977,0,1,0,0,0,1,0,0,0,0,0,8,5,3,8,2,4,0,11,6,3,0,10,4,18,3,13,26,1850000.0
994,1,0,20.0,1,2,0,0,0,0,1,0,0,1,0,0,0,0,1954,0,0,0,1,0,0,0,0,1,0,0,1,0,0,0,1,2,0,4,0,0,0,0,1,1,0,0,0,780000.0
1059,3,0,65.0,5,9,1,0,0,0,1,1,0,0,1,1,0,1,1986,0,1,0,0,0,1,0,0,0,0,0,12,0,1,7,3,1,1,12,5,3,0,5,3,22,4,7,18,3400000.0
487,1,0,60.0,8,9,1,0,0,0,1,1,0,0,1,1,0,1,1983,0,1,0,0,0,0,0,0,1,0,0,6,1,3,9,3,5,1,13,3,11,0,9,2,22,3,8,17,2600000.0
1384,3,0,67.0,2,9,0,0,0,0,1,1,0,0,1,1,0,1,1973,0,1,0,0,0,0,1,0,0,0,0,4,0,1,5,1,3,1,6,4,3,0,1,0,9,1,3,8,3550000.0
232,1,0,32.0,4,5,0,0,0,0,1,1,0,1,0,0,0,0,1974,0,1,0,0,0,1,0,0,0,0,0,4,0,2,3,1,2,1,6,8,2,0,4,5,5,3,2,6,1400000.0
463,3,0,63.0,2,5,0,0,0,0,1,0,1,1,0,0,0,0,1985,0,1,0,0,0,0,0,0,1,0,0,6,0,1,5,4,0,0,9,3,3,0,6,1,10,1,7,9,2700000.0
1090,3,0,62.0,4,5,0,0,0,0,1,1,0,0,1,0,0,0,1972,0,1,0,0,0,1,0,0,0,0,0,2,1,0,5,1,3,0,5,4,3,1,2,5,4,2,1,6,3200000.0
863,3,0,59.9,5,5,1,0,0,0,1,1,0,0,1,0,0,0,1976,0,1,0,0,0,1,0,0,0,0,0,13,14,1,14,4,3,3,9,24,6,0,10,0,23,4,13,23,2750000.0
1258,2,0,44.1,5,5,0,0,0,0,1,1,0,1,0,0,0,0,1963,0,1,0,0,0,1,0,0,0,0,0,4,4,5,14,3,2,2,14,46,6,1,21,3,12,3,13,19,2350000.0
160,1,0,13.4,5,5,0,0,0,0,1,0,0,1,0,0,0,0,1967,0,0,1,0,0,1,0,0,0,0,0,3,0,0,1,2,3,0,7,1,2,0,1,2,5,3,2,9,800000.0
787,2,0,44.0,2,5,0,0,0,1,0,0,0,0,1,0,0,0,1971,0,0,0,1,0,0,0,0,1,0,0,3,0,2,3,1,2,1,4,3,2,0,3,5,5,1,1,5,1750000.0
1566,3,0,65.0,3,10,0,1,0,0,0,1,0,0,1,1,0,1,1988,0,1,0,0,0,1,0,0,0,0,0,2,0,0,1,1,1,1,4,0,2,0,3,4,5,2,1,2,2570000.0
1459,3,0,67.1,5,10,0,1,0,0,0,1,0,0,1,1,0,0,2005,0,1,0,0,0,1,0,0,0,0,0,4,3,0,5,2,1,1,9,0,3,0,5,2,13,3,2,14,4000000.0
520,2,0,47.0,2,9,0,0,0,0,1,1,0,0,1,1,0,0,1969,0,1,0,0,0,1,0,0,0,0,0,8,2,2,10,2,2,0,18,10,2,0,7,4,15,2,7,11,2750000.0
172,1,0,39.7,8,9,0,0,0,0,1,0,0,1,0,1,0,1,1996,0,1,0,0,0,0,0,0,1,0,0,2,0,0,1,0,2,0,6,0,2,0,1,2,4,3,0,7,1850000.0
1049,4,0,84.0,4,10,0,0,0,0,1,1,0,0,0,4,0,1,1992,0,1,0,0,0,1,0,0,0,0,0,3,8,1,10,2,2,0,10,10,6,0,14,3,11,6,4,10,4500000.0
1344,1,0,30.5,1,2,0,0,0,0,1,0,0,1,0,0,0,0,1948,0,0,0,1,0,0,1,0,0,0,0,4,1,2,5,3,3,1,7,2,4,0,5,2,12,2,5,13,1300000.0
1447,1,0,38.5,5,10,1,0,0,0,1,1,0,0,1,1,1,1,2009,0,1,0,0,0,1,0,0,0,0,0,5,1,5,21,4,2,1,13,8,10,0,6,5,30,7,6,19,2450000.0
557,1,0,40.0,5,10,0,0,0,0,1,0,1,1,0,0,0,0,2013,0,1,0,0,0,0,0,0,0,1,0,4,0,3,13,5,2,1,10,12,5,0,6,3,17,9,6,20,2390000.0
773,1,0,30.2,3,9,0,0,0,0,1,1,0,0,1,1,0,1,1984,0,1,0,0,0,1,0,0,0,0,0,1,0,2,2,1,3,2,5,2,1,0,3,4,4,1,1,4,1780000.0
365,3,0,72.0,2,3,0,0,1,0,0,0,0,0,1,0,0,0,1958,0,0,0,1,0,0,0,0,1,0,0,7,4,2,9,4,5,0,9,8,7,0,11,4,20,4,15,30,3400000.0
100,2,0,46.0,1,5,0,0,0,0,1,0,0,0,1,0,0,0,1961,0,1,0,0,0,0,0,0,1,0,0,12,14,1,15,5,4,3,11,25,6,0,8,3,22,6,13,24,2250000.0
791,1,0,32.4,8,9,0,0,0,1,0,1,0,1,0,1,0,1,1983,0,1,0,0,0,0,0,0,1,0,0,3,0,2,3,1,2,1,4,2,2,0,3,5,5,2,1,5,1750000.0
597,2,0,55.0,1,10,1,0,0,0,1,0,0,0,1,0,1,1,2012,0,1,0,0,0,1,0,0,0,0,0,5,0,1,28,4,4,1,12,13,11,0,6,0,30,8,13,37,3000000.0
700,1,0,28.2,10,13,0,0,0,0,1,0,0,1,0,1,1,1,2006,0,1,0,0,0,1,0,0,0,0,0,3,0,0,3,1,2,0,4,3,0,0,3,1,9,0,2,5,1350000.0
764,3,0,64.0,7,9,0,0,0,0,1,1,0,0,1,1,0,1,1976,0,1,0,0,0,0,0,0,1,0,0,11,7,1,6,5,1,2,10,5,5,0,7,1,23,5,11,21,3800000.0
473,4,0,65.5,1,5,0,0,0,0,1,0,0,1,0,0,0,0,1979,0,1,0,0,0,1,0,0,0,0,0,5,3,1,10,2,0,0,12,15,9,0,10,2,21,4,11,21,3300000.0
369,1,0,42.0,22,25,0,0,0,1,0,1,0,1,0,0,0,0,2017,0,1,0,0,0,0,0,0,1,0,0,2,2,3,8,1,0,1,6,2,8,0,7,2,16,5,2,12,2580000.0
708,2,0,50.0,3,9,0,0,0,0,1,1,0,0,1,1,0,1,1984,0,1,0,0,0,1,0,0,0,0,0,3,0,0,3,1,2,0,5,4,1,0,4,2,11,0,3,7,2500000.0
1107,1,1,27.0,8,19,0,0,0,1,0,0,1,1,0,1,0,1,2015,0,1,0,0,0,0,0,0,1,0,0,2,2,3,9,1,0,1,5,2,9,0,9,3,17,4,2,13,1650000.0
933,1,0,30.2,4,9,1,0,0,0,1,0,0,1,0,1,0,1,1975,0,1,0,0,0,0,0,0,1,0,0,6,2,2,8,2,2,0,12,10,4,0,7,3,18,2,12,14,1850000.0
86,1,0,30.5,5,5,0,0,0,0,1,0,0,0,1,0,0,0,1974,0,1,0,0,0,1,0,0,0,0,0,5,0,3,8,3,3,1,13,5,3,0,3,3,13,0,6,15,1680000.0
672,2,0,50.0,12,15,0,0,0,0,1,1,0,0,1,1,1,1,2015,0,1,0,0,0,0,0,0,0,0,1,1,0,0,2,1,1,0,2,1,3,0,2,2,9,0,3,6,2700000.0
896,2,0,46.0,3,5,0,0,0,0,1,1,0,1,0,0,0,0,1963,0,1,0,0,0,1,0,0,0,0,0,8,5,2,7,3,1,1,11,2,3,0,7,3,13,2,7,18,2350000.0
621,4,0,62.0,4,5,0,0,0,1,0,0,0,1,0,0,0,0,1967,0,1,0,0,0,1,0,0,0,0,0,2,0,0,2,2,1,0,6,1,3,0,0,4,10,0,1,8,3550000.0
716,1,0,30.0,5,5,0,0,0,0,1,0,0,0,0,0,0,0,1986,0,1,0,0,0,1,0,0,0,0,0,3,0,1,3,1,1,0,6,3,0,0,2,0,7,0,3,5,1400000.0
1014,3,0,70.0,2,4,0,0,0,0,1,0,0,0,1,0,0,0,1957,0,0,0,1,0,0,0,0,1,0,0,5,43,9,15,5,6,3,21,78,7,2,63,3,15,46,37,19,3500000.0
289,1,0,31.0,4,5,0,0,0,0,1,1,0,0,0,0,0,0,1964,0,1,0,0,0,1,0,0,0,0,0,6,3,2,8,3,4,1,15,12,4,1,17,4,15,1,15,15,1900000.0
1247,2,0,47.0,5,5,1,0,0,0,1,0,0,1,0,0,0,0,1966,0,0,1,0,0,0,0,0,1,0,0,9,4,2,10,3,4,0,10,7,7,0,10,4,19,4,15,32,2400000.0
1052,1,1,28.0,1,9,0,0,0,0,1,0,0,0,0,1,0,1,1976,0,1,0,0,0,1,0,0,0,0,0,3,7,1,8,2,3,0,9,13,6,1,10,5,12,6,3,12,1750000.0
1303,2,0,41.0,5,5,0,0,0,0,1,1,0,1,0,0,0,0,1963,0,1,0,0,0,0,0,0,1,0,0,5,30,10,16,4,7,0,19,47,6,2,70,3,11,41,39,19,2650000.0
798,1,0,31.3,4,5,0,0,0,0,1,0,0,1,0,0,0,0,1972,0,1,0,0,0,1,0,0,0,0,0,4,2,5,10,3,1,2,12,45,5,1,16,2,10,3,13,20,1850000.0
548,2,0,58.7,7,10,0,0,0,0,1,1,0,0,1,1,0,1,2000,0,1,0,0,0,1,0,0,0,0,0,2,0,0,17,2,4,0,9,9,6,0,4,0,19,5,9,30,3700000.0
916,1,0,55.7,20,22,0,0,0,0,1,1,0,1,0,1,1,0,2018,0,0,0,0,1,0,0,0,1,0,0,2,1,6,22,1,0,2,14,76,3,1,30,3,15,10,18,18,3450000.0
1535,2,0,55.3,16,16,0,1,0,0,0,2,0,1,0,1,1,0,2017,0,1,0,0,0,0,0,0,1,0,0,0,0,0,2,1,0,0,1,0,2,0,1,0,5,0,3,3,2523500.0
1554,3,0,88.0,3,3,0,1,0,0,0,1,0,0,1,0,0,0,1958,0,0,0,1,0,0,0,0,1,0,0,12,6,0,8,2,2,0,10,5,5,0,2,7,19,3,6,14,4700000.0
846,1,0,12.0,3,5,0,0,0,0,1,0,0,0,0,0,0,1,1979,0,1,0,0,0,1,0,0,0,0,0,4,1,2,5,1,1,0,5,0,4,0,0,3,10,1,2,5,540000.0
530,2,0,45.0,3,5,0,0,0,0,1,1,0,0,0,0,0,0,1966,0,1,0,0,0,1,0,0,0,0,0,8,2,2,10,2,1,0,18,10,3,0,7,4,16,2,7,13,2450000.0
862,1,0,46.0,5,24,1,0,0,0,1,1,0,1,0,2,2,1,2016,0,1,0,0,0,0,0,0,1,0,0,12,14,1,14,6,2,2,9,26,5,0,10,1,24,6,15,27,2730000.0
198,2,0,46.0,1,5,0,0,0,0,1,0,0,1,0,0,0,0,1963,0,1,0,0,0,1,0,0,0,0,0,3,0,2,2,2,3,1,10,3,5,0,2,3,9,3,3,13,2100000.0
446,3,0,49.0,2,5,0,0,0,1,0,1,0,0,1,0,0,0,1972,0,1,0,0,0,1,0,0,0,0,0,1,0,0,0,0,1,1,4,0,0,0,0,1,0,0,0,1,2050000.0
1174,1,0,31.2,5,5,0,0,0,0,1,1,0,1,0,0,0,0,1968,0,1,0,0,0,0,0,0,1,0,0,5,10,2,17,2,3,1,15,22,7,1,12,3,23,12,9,22,1900000.0
1603,4,0,82.0,7,10,0,1,0,0,0,1,0,0,1,0,0,1,1993,0,1,0,0,0,1,0,0,0,0,0,0,6,0,3,1,1,0,7,1,2,0,4,0,12,2,0,10,3850000.0
415,2,0,61.0,11,19,0,0,0,0,1,1,0,0,1,1,1,0,2015,0,1,0,0,0,0,0,0,1,0,0,0,0,0,0,0,1,0,1,0,0,0,0,1,5,1,0,2,2800000.0
1039,1,0,41.8,2,11,0,0,0,0,1,1,0,0,0,1,1,1,2016,0,1,0,0,0,1,0,0,0,0,0,0,8,0,0,0,0,0,2,0,0,0,3,1,1,0,0,0,2350000.0
237,1,0,34.0,9,9,0,0,0,0,1,0,0,0,0,1,0,0,1974,0,1,0,0,0,0,0,0,1,0,0,2,0,3,12,2,2,1,8,16,4,0,17,5,6,3,9,12,1650000.0
334,3,0,58.0,4,9,0,0,0,0,1,1,0,0,1,1,0,1,1973,0,1,0,0,0,1,0,0,0,0,0,8,4,2,16,3,2,2,20,21,8,1,13,0,27,8,16,28,3100000.0
633,1,0,14.0,1,5,0,0,0,0,1,0,0,0,0,0,0,0,1966,0,1,0,0,0,1,0,0,0,0,0,3,3,2,8,2,3,1,9,13,4,1,16,5,10,1,6,10,770000.0
1537,2,0,47.9,5,5,0,1,0,0,0,0,0,0,0,0,0,0,1967,0,0,1,0,0,0,0,0,1,0,0,11,5,1,5,5,1,2,10,4,4,0,7,1,24,5,9,21,1953000.0
875,1,0,50.0,10,16,1,0,0,0,1,1,0,1,0,1,0,1,2012,0,1,0,0,0,0,0,0,1,0,0,2,18,0,2,2,1,0,3,0,4,0,3,1,8,1,1,4,2990000.0
792,1,0,18.0,5,5,0,0,0,0,1,0,0,1,0,0,0,0,1968,0,1,0,0,0,1,0,0,0,0,0,4,0,2,3,1,2,1,5,9,2,0,4,5,5,2,2,5,890000.0
620,4,0,62.0,1,5,0,0,0,0,1,0,0,0,1,0,0,0,1967,0,1,0,0,0,1,0,0,0,0,0,2,0,0,2,2,1,0,6,1,3,0,0,4,10,0,1,8,2450000.0
541,2,0,47.4,7,11,0,0,0,0,1,1,0,0,1,1,0,0,1971,0,1,0,0,0,0,0,0,1,0,0,8,2,2,8,2,2,0,17,9,2,0,5,3,15,1,7,12,2970000.0
175,2,0,43.0,2,5,0,0,0,0,1,1,0,0,0,0,0,0,1966,0,1,0,0,0,1,0,0,0,0,0,7,1,2,7,5,5,1,13,5,10,0,6,1,19,3,8,17,2450000.0
702,1,0,20.0,4,13,1,0,0,0,1,0,0,1,0,1,0,1,2006,0,1,0,0,0,1,0,0,0,0,0,3,0,0,3,1,2,0,4,3,0,0,3,1,9,0,2,5,1200000.0
883,1,0,30.0,2,5,0,0,0,0,1,0,0,0,1,0,0,0,1978,0,1,0,0,0,0,0,0,1,0,0,4,6,0,7,1,0,1,13,3,4,0,5,0,15,5,3,12,1790000.0
685,1,0,35.7,3,10,0,0,0,0,1,1,0,1,0,1,0,0,2015,0,1,0,0,0,0,0,0,1,0,0,1,0,0,2,1,1,0,1,0,2,0,1,1,8,0,2,4,1950000.0
1098,1,0,26.7,11,18,1,0,0,0,1,1,0,1,0,1,1,1,2016,0,1,0,0,0,0,0,0,1,0,0,2,2,3,9,1,0,1,6,2,9,0,10,3,18,5,2,13,1730000.0
977,2,0,44.0,16,16,1,0,0,0,1,1,0,1,0,1,1,1,2014,0,1,0,0,0,1,0,0,0,0,0,3,3,0,5,2,1,0,11,3,2,0,4,2,13,5,2,11,2500000.0
993,1,0,19.0,1,2,0,0,0,0,1,0,0,1,0,0,0,0,1956,0,0,0,1,0,0,0,0,1,0,0,1,0,0,0,1,2,0,4,0,0,0,0,1,1,0,0,0,680000.0
107,1,0,38.0,10,10,0,0,0,0,1,2,0,0,1,1,0,1,2012,0,1,0,0,0,1,0,0,0,0,0,5,1,2,2,0,1,0,2,0,2,0,0,1,6,1,1,3,2150000.0
526,1,0,42.0,5,10,0,0,0,0,1,1,0,0,1,1,0,0,2006,0,1,0,0,0,1,0,0,0,0,0,2,0,0,2,1,1,1,3,0,0,0,0,0,2,2,0,4,2200000.0
1414,3,0,62.0,2,5,0,0,0,0,1,1,0,0,1,0,0,0,1961,0,0,1,0,0,0,0,0,1,0,0,8,0,5,7,2,3,1,10,5,5,0,3,2,13,1,6,15,2400000.0
750,1,0,36.0,4,5,0,0,0,0,1,1,0,0,1,0,0,1,1982,0,1,0,0,0,1,0,0,0,0,0,4,1,0,4,1,4,0,12,1,7,0,4,1,9,1,0,10,1890000.0
267,2,0,44.8,3,5,0,0,0,0,1,1,0,1,0,0,0,0,1960,0,1,0,0,0,0,0,0,1,0,0,7,8,1,11,2,3,2,8,14,6,0,6,3,18,3,9,27,2599999.0
72,4,0,83.8,5,10,0,0,0,1,0,1,0,1,0,1,0,1,1996,0,1,0,0,0,1,0,0,0,0,0,5,8,6,28,3,5,1,28,41,8,0,32,6,19,18,31,34,4900000.0
287,3,0,60.0,5,5,0,0,0,0,1,1,0,1,0,0,0,0,1964,0,1,0,0,0,1,0,0,0,0,0,6,3,2,8,3,4,1,15,12,4,1,16,3,14,2,15,14,3100000.0
466,2,0,45.0,3,5,0,0,0,0,1,1,0,0,0,0,0,0,1966,0,1,0,0,0,1,0,0,0,0,0,9,6,2,6,3,3,1,10,6,3,0,8,3,16,5,9,19,2900000.0
706,1,0,36.6,10,10,1,0,0,0,1,0,1,0,1,1,0,1,2010,0,1,0,0,0,1,0,0,0,0,0,1,0,0,4,1,1,0,2,1,3,0,2,3,10,0,3,7,2300000.0
93,1,0,30.0,2,2,0,0,0,0,1,0,0,1,0,0,0,0,1960,0,0,0,1,0,0,1,0,0,0,0,4,1,2,5,2,3,0,8,1,5,0,2,4,8,0,4,6,1100000.0
851,3,0,74.6,8,17,0,0,0,0,1,0,1,0,1,1,0,1,2011,0,1,0,0,0,1,0,0,0,0,0,5,42,11,8,5,9,2,19,69,5,1,65,4,9,47,36,20,4650000.0
1311,3,0,75.0,2,10,0,0,0,0,1,1,0,0,1,1,0,1,2009,0,1,0,0,0,1,0,0,0,0,0,1,0,3,15,2,5,1,17,7,5,0,9,2,22,6,4,20,4100000.0
868,1,1,20.0,2,5,0,0,0,0,1,0,0,1,0,0,0,0,1961,0,1,0,0,0,0,0,0,1,0,0,8,6,1,6,3,4,3,9,15,4,0,8,1,21,5,10,26,970000.0
897,1,1,36.6,9,9,0,0,0,0,1,0,0,1,0,1,0,0,1977,0,1,0,0,0,0,0,0,1,0,0,11,4,2,6,4,2,1,14,4,3,0,9,1,22,3,7,25,1900000.0
935,2,0,46.0,6,9,0,0,0,1,0,1,0,1,0,1,0,0,1975,0,1,0,0,0,0,0,0,1,0,0,6,2,2,8,2,2,1,13,10,6,0,5,2,17,2,10,14,2670000.0
637,1,0,18.0,5,5,0,0,0,0,1,0,0,1,0,0,0,0,1966,0,1,0,0,0,1,0,0,0,0,0,4,3,3,8,2,2,1,9,14,4,1,15,6,8,1,7,11,900000.0
689,4,0,85.0,9,9,1,0,1,0,0,1,1,0,1,1,0,1,1986,0,1,0,0,0,1,0,0,0,0,0,3,0,0,5,2,3,0,4,4,2,0,4,2,13,0,5,9,3500000.0
885,3,0,56.0,1,5,0,0,0,0,1,0,0,1,0,0,0,0,1966,0,1,0,0,0,1,0,0,0,0,0,5,2,0,9,2,1,1,12,4,6,0,5,2,16,5,3,13,2800000.0
1006,3,0,60.0,5,5,1,0,0,0,1,1,1,1,0,0,0,0,1980,0,1,0,0,0,1,0,0,0,0,0,5,0,0,5,1,2,0,10,3,2,0,2,2,15,2,3,12,3450000.0
214,3,0,79.0,5,5,0,0,0,0,1,0,0,0,1,0,0,0,1962,0,1,0,0,0,0,0,0,1,0,0,8,14,1,9,3,2,3,4,22,5,0,10,0,15,3,13,17,3500000.0
315,2,0,51.3,5,5,0,0,0,0,1,1,0,0,1,0,0,0,1974,0,1,0,0,0,1,0,0,0,0,0,8,0,1,9,2,4,0,10,3,7,0,9,2,18,2,11,11,3150000.0
1465,1,0,34.1,5,5,0,1,0,0,0,1,0,0,1,0,0,1,1983,0,1,0,0,0,1,0,0,0,0,0,5,1,4,14,3,5,1,11,5,10,0,9,4,29,4,7,17,1800000.0
734,4,0,78.0,7,9,0,0,0,0,1,1,1,0,1,1,0,1,1980,0,1,0,0,0,1,0,0,0,0,0,2,2,3,10,1,1,1,9,3,9,0,8,3,18,5,2,14,4200000.0
1427,3,0,60.0,1,5,0,0,0,0,1,0,0,0,1,0,0,0,1974,0,1,0,0,0,1,0,0,0,0,0,6,0,3,5,2,2,1,11,5,2,0,4,2,8,0,5,15,3000000.0
1429,4,0,84.0,10,10,0,0,0,0,1,1,0,0,0,1,0,1,1994,0,1,0,0,0,1,0,0,0,0,0,3,0,3,4,2,1,1,11,5,2,0,5,2,6,0,5,14,3850000.0
491,1,0,11.0,3,9,1,0,0,0,1,0,0,0,0,2,0,1,1978,0,1,0,0,0,1,0,0,0,0,0,7,0,2,7,4,6,0,10,4,10,0,7,2,20,5,12,15,500000.0
1133,2,0,67.9,5,10,0,0,0,0,1,0,1,0,1,1,0,1,2008,0,1,0,0,0,1,0,0,0,0,0,4,3,2,11,4,0,0,15,17,8,0,12,5,15,5,11,20,4200000.0
426,1,0,41.0,7,10,0,0,0,0,1,1,0,0,1,1,0,1,2012,0,1,0,0,0,1,0,0,0,0,0,0,0,0,1,0,1,0,2,0,0,0,0,1,5,1,0,3,2350000.0
445,1,1,27.0,4,17,1,0,0,0,1,0,0,1,0,2,1,1,2016,0,1,0,0,0,0,0,0,1,0,0,0,0,0,1,0,1,0,2,0,0,0,0,1,5,1,0,4,1550000.0
1485,1,0,45.0,8,9,0,1,0,0,0,0,1,1,0,1,0,1,2007,0,1,0,0,0,0,0,0,1,0,0,6,0,3,15,2,5,0,8,8,9,0,8,1,33,4,4,15,2870000.0
1576,1,1,33.0,13,18,0,1,0,0,0,1,0,1,0,1,0,1,2016,0,1,0,0,0,0,0,0,1,0,0,2,2,3,9,1,0,1,6,2,9,0,10,3,18,5,2,13,1650000.0
1364,1,0,31.4,4,5,1,0,0,0,1,1,0,1,0,0,0,0,1975,0,1,0,0,0,1,0,0,0,0,0,3,0,3,3,2,0,2,9,4,2,0,6,4,5,1,5,14,1420000.0
1019,2,0,68.0,15,16,0,0,0,0,1,0,0,0,0,1,1,1,2012,0,1,0,0,0,1,0,0,0,0,0,1,0,3,16,2,4,1,15,9,6,0,9,2,23,6,4,21,4000000.0
551,1,0,30.9,1,9,0,0,0,0,1,0,0,1,0,1,0,1,1992,0,1,0,0,0,1,0,0,0,0,0,2,0,0,18,2,4,0,10,9,8,0,4,0,19,5,10,30,1980000.0
1540,2,0,45.0,5,5,0,1,0,0,0,1,0,0,1,0,0,0,1968,0,1,0,0,0,1,0,0,0,0,0,4,0,2,3,1,2,1,5,9,2,0,4,4,5,2,2,5,2400000.0
154,1,0,19.0,3,5,1,0,0,0,1,0,0,0,0,0,0,0,1970,0,1,0,0,0,1,0,0,0,0,0,3,0,1,1,2,3,0,8,1,4,0,1,3,7,3,2,10,1050000.0
957,4,0,60.0,3,5,0,0,0,0,1,1,0,1,0,0,0,0,1980,0,1,0,0,0,1,0,0,0,0,0,1,0,0,0,1,0,0,3,0,0,0,0,1,1,0,0,0,2800000.0
628,4,0,82.0,2,10,0,0,1,0,0,1,0,1,0,1,0,1,1994,0,1,0,0,0,1,0,0,0,0,0,6,2,4,9,2,0,1,11,6,11,0,10,4,16,6,7,20,4400000.0
690,4,0,80.0,5,9,0,0,0,0,1,3,0,0,0,1,0,1,1986,0,1,0,0,0,1,0,0,0,0,0,3,0,0,5,2,3,0,4,4,2,0,4,2,13,0,5,9,3300000.0
1318,2,0,60.0,18,25,0,0,0,0,1,0,1,0,1,1,0,1,2013,0,1,0,0,0,0,0,0,0,1,0,2,1,7,25,1,3,1,18,36,6,0,21,6,19,11,10,24,3500000.0
1275,3,0,60.0,2,9,0,0,0,0,1,1,0,0,1,1,0,1,1993,0,1,0,0,0,0,0,0,1,0,0,6,2,1,10,2,5,1,16,18,4,1,7,3,20,7,7,18,3600000.0
538,2,0,48.0,4,5,0,0,0,1,0,1,0,0,1,0,0,0,1967,0,1,0,0,0,1,0,0,0,0,0,8,2,3,9,3,3,0,14,5,13,0,9,4,19,4,6,18,2400000.0
1420,1,0,32.1,5,5,0,0,0,0,1,1,0,0,1,0,0,0,1972,0,1,0,0,0,1,0,0,0,0,0,3,0,3,4,2,0,2,9,4,1,0,6,5,8,2,5,12,1600000.0
1320,3,0,85.0,4,25,1,0,1,0,0,1,1,1,1,1,0,1,2010,0,1,0,0,0,0,0,0,1,0,0,2,1,7,23,1,2,1,14,27,5,0,22,6,18,11,9,23,5450000.0
361,2,0,45.0,5,5,0,0,0,0,1,1,0,1,0,0,0,0,1954,0,1,0,0,0,1,0,0,0,0,0,9,3,2,10,4,5,0,11,8,6,0,11,4,20,4,15,30,2100000.0
1467,4,0,80.3,4,9,0,1,0,0,0,3,0,0,1,1,0,1,1987,0,1,0,0,0,1,0,0,0,0,0,6,1,6,18,4,3,0,10,8,10,0,9,3,31,6,5,21,3450000.0
1132,3,0,72.0,10,10,0,0,0,0,1,1,0,0,1,1,0,1,2008,0,1,0,0,0,1,0,0,0,0,0,4,3,2,11,4,0,0,15,17,8,0,12,5,15,5,11,20,4300000.0
910,1,0,38.0,3,5,0,0,0,1,0,0,0,1,0,1,0,0,2013,0,1,0,0,0,0,0,0,1,0,0,4,2,0,4,1,0,0,13,1,0,0,5,3,5,0,2,2,2150000.0
1279,1,0,42.0,1,10,0,0,0,0,1,0,0,0,1,1,0,1,2005,0,1,0,0,0,1,0,0,0,0,0,2,0,0,2,2,0,0,4,1,1,0,0,2,8,0,0,4,2000000.0
1577,1,0,38.5,7,17,0,1,0,0,0,1,0,1,0,1,0,1,2016,0,1,0,0,0,0,0,0,1,0,0,1,2,2,7,1,1,1,5,2,9,0,7,2,15,4,2,13,2400000.0
959,3,0,61.0,5,5,0,0,0,0,1,1,0,0,0,0,0,0,1992,0,1,0,0,0,0,0,0,1,0,0,1,0,0,1,1,1,0,2,0,2,0,0,3,3,0,1,1,2900000.0
363,2,0,45.5,5,5,0,0,0,1,0,0,0,0,0,0,0,0,1962,0,1,0,0,0,1,0,0,0,0,0,9,4,2,10,4,5,0,11,8,6,0,11,4,20,4,15,31,2350000.0
61,2,0,54.0,1,10,0,0,0,0,1,0,0,0,1,0,0,1,1991,0,1,0,0,0,1,0,0,0,0,0,3,6,7,34,3,5,4,27,39,10,0,37,6,19,19,40,29,2990000.0
1327,1,0,38.8,4,17,0,0,0,0,1,1,0,0,1,1,1,0,2017,0,1,0,0,0,1,0,0,0,0,0,3,0,3,4,1,0,2,8,4,1,0,5,3,8,2,3,11,2050000.0
393,4,0,82.8,7,9,0,0,0,1,0,1,1,0,1,1,0,1,1996,0,1,0,0,0,1,0,0,0,0,0,5,20,0,6,2,0,1,7,1,4,0,3,1,17,3,2,9,4800000.0
1,5,0,95.2,1,10,1,0,0,0,1,0,0,0,1,1,0,1,1991,0,1,0,0,0,1,0,0,0,0,0,3,0,3,24,5,4,1,12,13,10,0,5,1,31,13,10,26,5000000.0
311,4,0,82.0,6,10,0,0,0,1,0,1,0,0,1,1,0,1,1999,0,1,0,0,0,1,0,0,0,0,0,4,0,3,28,5,4,1,11,14,10,0,7,2,39,12,10,29,4550000.0
1584,3,0,66.0,4,5,0,1,0,0,0,1,0,0,1,0,0,0,1973,0,1,0,0,0,0,0,0,1,0,0,7,28,5,23,5,7,3,19,70,9,1,42,4,16,31,30,22,3600000.0
601,1,0,41.0,1,10,0,0,1,0,0,0,0,0,0,0,0,0,1998,0,1,0,0,0,1,0,0,0,0,0,3,0,1,17,3,4,1,12,13,9,0,5,0,27,8,12,34,2400000.0
52,4,0,82.0,7,10,1,0,0,0,1,1,0,0,1,1,0,1,1986,0,1,0,0,0,1,0,0,0,0,0,2,8,0,3,1,1,0,7,2,2,0,4,1,8,3,2,6,4850000.0
1534,1,0,35.9,8,9,0,1,0,0,0,0,1,0,1,1,0,1,1986,0,1,0,0,0,1,0,0,0,0,0,3,0,0,5,2,3,0,4,4,2,0,4,2,13,0,5,9,1850000.0
298,2,0,48.3,3,9,0,0,0,0,1,0,0,0,1,1,0,1,1994,0,1,0,0,0,1,0,0,0,0,0,3,0,3,21,5,4,1,13,13,10,0,6,2,23,12,10,25,2550000.0
398,1,0,33.0,4,5,0,0,0,0,1,1,0,1,0,0,0,0,1964,0,1,0,0,0,1,0,0,0,0,0,3,1,1,5,2,2,1,7,2,5,0,6,3,11,1,4,10,1830000.0
197,1,0,31.0,4,9,0,0,0,1,0,1,0,0,1,1,0,1,1988,0,1,0,0,0,1,0,0,0,0,0,3,1,2,3,2,3,1,11,3,6,0,2,2,8,3,2,12,1650000.0
421,1,0,45.0,10,17,1,0,0,1,0,0,1,1,0,1,1,1,2015,0,1,0,0,0,0,0,0,1,0,0,0,0,0,0,0,1,0,1,0,0,0,0,1,5,1,0,2,2400000.0
1066,3,0,62.1,3,5,1,0,0,0,1,1,0,0,1,0,0,0,1970,0,1,0,0,0,1,0,0,0,0,0,4,0,0,6,1,1,0,9,1,2,0,2,1,10,1,5,10,2750000.0
411,2,0,64.0,2,17,0,0,0,0,1,1,0,0,1,0,0,1,2017,0,1,0,0,0,0,0,0,1,0,0,0,0,0,0,0,1,0,1,0,0,0,0,1,5,1,0,3,2800000.0
114,2,0,42.0,3,5,0,0,1,0,0,1,0,1,0,0,0,0,1961,0,1,0,0,0,1,0,0,0,0,0,10,15,1,12,5,2,2,8,23,6,0,9,1,23,4,15,22,2440000.0
1051,3,0,65.0,2,5,0,0,0,0,1,0,0,0,1,0,0,1,1985,0,1,0,0,0,1,0,0,0,0,0,3,8,1,10,2,2,0,10,10,6,0,14,3,13,7,5,11,3500000.0
826,1,0,30.3,2,5,0,0,0,0,1,0,0,1,0,0,0,0,1969,0,1,0,0,0,1,0,0,0,0,0,7,2,2,7,4,3,0,14,4,12,0,8,3,16,1,6,16,1750000.0
325,3,0,55.9,4,4,0,0,0,0,1,1,0,1,0,0,0,0,1962,0,1,0,0,0,0,0,0,1,0,0,4,0,2,4,1,2,0,8,35,6,1,11,5,8,3,8,8,2870000.0
997,2,0,46.0,4,5,0,0,0,0,1,1,0,0,1,0,0,0,1971,0,1,0,0,0,0,0,0,1,0,0,5,28,5,21,5,7,3,19,75,9,1,46,5,17,34,31,23,2500000.0
117,2,0,45.0,3,5,1,0,0,1,0,0,1,1,0,0,0,0,1961,0,1,0,0,0,1,0,0,0,0,0,9,15,1,11,4,2,3,5,22,6,0,9,1,19,4,14,20,2500000.0
1409,1,0,17.0,3,5,0,0,0,0,1,0,0,1,0,0,0,0,1970,0,1,0,0,0,1,0,0,0,0,0,8,1,4,6,2,3,0,9,5,5,0,2,2,12,1,5,11,700000.0
238,1,1,22.0,6,9,0,0,1,0,0,0,0,1,0,1,0,0,1979,0,1,0,0,0,0,0,0,1,0,0,3,0,3,13,1,2,0,8,16,4,0,15,6,5,3,9,11,1300000.0
180,1,1,18.0,5,5,0,0,0,0,1,0,0,0,0,0,0,0,1971,0,1,0,0,0,1,0,0,0,0,0,3,0,0,2,2,3,0,6,1,3,0,2,2,6,3,2,9,1050000.0
310,2,0,53.0,1,10,0,0,0,0,1,0,0,0,1,1,0,1,1999,0,1,0,0,0,1,0,0,0,0,0,4,0,3,28,5,4,1,11,14,10,0,7,2,39,12,10,29,2950000.0
679,4,0,83.0,2,10,1,0,0,0,1,1,0,0,2,1,0,1,1990,0,1,0,0,0,1,0,0,0,0,0,1,0,0,2,1,1,0,2,1,3,0,2,3,9,0,3,6,3500000.0
1304,4,0,60.5,1,5,0,0,0,0,1,0,0,0,0,0,0,0,1972,0,1,0,0,0,1,0,0,0,0,0,8,7,3,17,3,1,1,20,24,10,1,18,0,25,10,16,29,2800000.0
295,2,0,42.0,2,5,0,0,0,0,1,1,0,1,0,0,0,0,1969,0,1,0,0,0,0,0,0,1,0,0,7,11,1,9,3,2,3,3,22,5,0,10,1,13,2,13,17,2560000.0
668,1,0,42.0,3,10,0,0,0,0,1,0,1,0,1,1,0,1,2009,0,1,0,0,0,0,0,0,0,1,0,3,0,0,4,1,1,0,3,1,3,0,3,2,12,0,3,8,2150000.0
567,2,0,99.8,10,10,0,0,0,1,0,1,1,1,1,1,0,1,2011,0,1,0,0,0,0,0,0,0,1,0,5,8,1,13,2,3,0,9,16,5,1,10,6,16,7,3,15,5998000.0
1557,2,0,54.5,3,14,0,1,0,0,0,0,1,0,1,1,1,1,1978,0,1,0,0,0,1,0,0,0,0,0,7,4,1,7,3,4,1,17,11,4,1,12,4,15,2,14,14,2700000.0
145,4,0,80.0,5,10,0,0,0,0,1,1,0,0,1,1,0,1,1996,0,1,0,0,0,1,0,0,0,0,0,8,0,2,11,3,7,0,12,4,11,0,11,2,22,4,14,16,4400000.0
142,2,0,46.0,3,5,1,0,0,0,1,1,0,0,1,0,0,0,1973,0,1,0,0,0,1,0,0,0,0,0,7,1,3,12,3,5,1,13,3,10,0,10,2,32,2,8,18,2390000.0
617,1,0,16.0,1,5,0,0,0,0,1,0,0,1,0,0,0,0,1967,0,1,0,0,0,1,0,0,0,0,0,4,0,0,5,2,1,0,7,1,3,0,0,3,13,0,3,8,800000.0
832,1,0,32.0,4,9,0,0,0,0,1,2,0,1,0,1,0,1,2016,0,1,0,0,0,1,0,0,0,0,0,7,2,3,6,3,1,0,13,5,6,0,7,3,14,1,7,11,2000000.0
1462,3,0,66.0,6,9,0,1,0,0,0,1,0,0,1,1,0,1,1985,0,1,0,0,0,1,0,0,0,0,0,6,1,2,2,0,2,0,2,0,2,0,0,1,7,1,1,3,2880000.0
698,1,0,33.0,11,13,0,0,0,0,1,0,0,1,0,0,0,0,2006,0,1,0,0,0,1,0,0,0,0,0,3,0,0,3,1,2,0,4,3,0,0,3,1,9,0,2,5,1440000.0
744,1,0,44.0,7,17,0,0,0,0,1,1,0,1,0,1,0,1,2014,0,1,0,0,0,0,0,0,0,1,0,2,1,0,2,1,2,0,8,0,5,0,2,1,3,1,0,7,2300000.0
508,3,0,70.0,2,4,0,0,0,0,1,0,0,0,1,0,0,0,1947,0,0,0,1,0,0,0,0,1,0,0,6,10,2,19,5,5,2,18,43,8,0,26,4,13,11,21,16,4350000.0
139,4,0,77.0,8,9,0,0,0,0,1,2,0,0,1,1,0,1,1985,0,1,0,0,0,1,0,0,0,0,0,6,1,5,15,3,5,0,12,8,11,0,10,3,34,4,7,19,3600000.0
608,1,0,14.0,5,9,0,0,0,0,1,0,0,0,0,1,0,1,1979,0,1,0,0,0,1,0,0,0,0,0,5,1,1,10,1,3,0,10,12,5,1,6,5,11,8,1,14,735000.0
273,2,0,48.8,4,10,0,0,0,0,1,1,0,0,1,1,1,1,2008,0,1,0,0,0,1,0,0,0,0,0,3,0,0,2,2,1,0,5,2,3,0,0,1,13,0,1,7,3050000.0
337,2,0,35.8,2,2,0,0,0,0,1,0,0,1,0,0,0,0,1968,0,0,0,1,0,0,0,1,0,0,0,1,0,0,0,0,0,0,2,0,0,0,0,0,1,0,0,0,2100000.0
1285,3,0,65.0,7,9,0,0,0,0,1,1,0,0,1,1,0,1,1984,0,1,0,0,0,1,0,0,0,0,0,5,14,5,20,4,5,1,19,57,10,0,30,4,13,20,26,23,3849000.0
1025,1,0,45.1,12,18,0,0,0,0,1,1,0,1,0,1,0,1,2014,0,1,0,0,0,0,0,0,1,0,0,2,0,2,15,3,4,1,14,5,4,0,8,3,18,6,4,21,2760000.0
705,1,1,18.0,1,13,0,0,0,0,1,0,0,1,0,1,0,1,2006,0,1,0,0,0,1,0,0,0,0,0,3,0,0,3,1,2,0,4,3,0,0,3,1,9,0,2,5,900000.0
1370,1,0,33.0,3,5,0,0,0,0,1,1,0,1,0,0,0,0,1975,0,1,0,0,0,1,0,0,0,0,0,2,0,3,3,2,1,2,11,5,2,0,6,2,5,1,5,14,1380000.0
1412,1,0,30.3,1,5,0,0,0,0,1,0,0,1,0,0,0,0,1968,0,1,0,0,0,1,0,0,0,0,0,8,1,4,6,2,3,1,9,5,5,0,2,2,12,1,5,11,1700000.0
419,1,0,28.0,5,16,1,0,0,0,1,1,0,1,0,1,1,1,2015,0,1,0,0,0,0,0,0,1,0,0,0,0,0,0,0,1,0,1,0,0,0,0,1,5,1,0,2,1510000.0
532,1,0,35.4,2,2,0,0,0,0,1,0,0,1,0,0,0,0,1956,1,0,0,1,0,0,0,1,0,0,0,0,0,0,0,0,0,1,2,0,0,0,1,1,1,0,0,0,1600000.0
611,2,0,44.0,4,5,0,0,0,1,0,1,0,0,1,0,0,0,1967,0,1,0,0,0,1,0,0,0,0,0,4,0,0,6,1,1,0,7,2,3,0,0,2,13,0,3,7,2680000.0
118,1,1,13.0,2,5,0,0,0,0,1,0,0,1,0,0,0,0,1963,0,1,0,0,0,1,0,0,0,0,0,4,11,2,17,3,3,1,9,25,6,0,8,5,11,3,12,12,690000.0
1121,1,0,45.5,3,9,1,0,0,0,1,1,0,0,1,1,0,1,2013,0,1,0,0,0,1,0,0,0,0,0,2,2,2,8,0,1,1,4,1,8,0,6,1,12,5,2,12,2700000.0
986,3,0,60.0,3,5,0,0,0,0,1,0,0,0,1,0,0,0,1974,0,1,0,0,0,1,0,0,0,0,0,9,4,2,7,4,2,1,13,4,4,0,9,3,20,3,7,23,2750000.0
1057,2,0,51.0,5,5,0,0,0,0,1,1,0,0,1,0,0,1,1976,0,1,0,0,0,1,0,0,0,0,0,9,0,1,5,3,1,1,12,3,4,0,5,2,14,3,6,18,2600000.0
847,3,0,55.3,2,5,0,0,0,0,1,0,0,0,1,0,0,0,1964,0,1,0,0,0,0,0,0,1,0,0,5,22,5,19,5,6,2,18,65,10,1,33,4,14,25,29,23,2850000.0
1587,2,0,36.0,2,2,0,1,0,0,0,0,0,0,0,0,0,0,1957,0,0,0,1,0,0,1,0,0,0,0,4,1,2,7,4,2,1,12,4,5,0,8,3,14,2,6,15,1400000.0
159,1,0,18.0,5,5,0,0,0,0,1,0,0,0,0,0,0,0,1967,0,0,1,0,0,1,0,0,0,0,0,3,0,0,1,2,3,0,7,1,2,0,1,2,5,3,2,9,1100000.0
1525,3,0,78.0,4,9,0,1,0,0,0,1,0,0,1,1,0,1,1982,0,1,0,0,0,1,0,0,0,0,0,4,4,1,9,1,3,0,9,13,5,1,6,5,12,9,1,15,3400000.0
1503,2,0,50.6,2,5,0,1,0,0,0,0,1,0,1,0,0,0,1977,0,1,0,0,0,0,0,0,1,0,0,7,6,3,24,4,3,3,29,42,11,1,19,2,28,9,20,31,3000000.0
1423,3,0,63.0,2,3,0,0,0,0,1,0,0,0,1,0,0,0,1957,0,0,0,1,0,0,0,0,1,0,0,6,0,3,4,2,1,1,11,5,2,0,4,2,6,0,5,14,2430000.0
495,3,0,66.7,2,9,0,0,0,0,1,1,0,0,1,1,0,1,1974,0,1,0,0,0,1,0,0,0,0,0,6,0,1,5,2,3,0,8,4,5,0,6,4,9,3,7,8,3600000.0
970,2,0,62.0,1,9,0,0,0,0,1,0,0,1,1,1,0,1,1993,0,1,0,0,0,1,0,0,0,0,0,4,1,0,8,2,2,0,12,3,3,0,4,2,16,4,2,12,2600000.0
1027,1,0,45.1,12,18,0,0,0,0,1,1,0,1,0,1,1,1,2014,0,1,0,0,0,0,0,0,1,0,0,2,0,2,15,3,4,1,14,5,4,0,8,3,18,6,4,21,2760000.0
1296,4,0,83.0,8,10,0,0,0,1,0,1,0,0,1,1,0,1,1988,0,1,0,0,0,1,0,0,0,0,0,5,0,0,6,3,2,0,6,0,5,0,5,1,9,2,6,7,3800000.0
271,1,0,31.0,2,5,0,0,0,1,0,1,0,1,0,0,0,0,1969,0,1,0,0,0,0,0,0,1,0,0,6,10,3,17,2,3,1,14,22,7,1,13,2,24,12,8,22,1950000.0
571,3,0,65.0,1,10,1,0,0,0,1,0,0,0,1,1,0,1,2004,0,1,0,0,0,1,0,0,0,0,0,2,0,1,16,0,1,0,10,54,6,1,11,0,14,6,8,19,4000000.0
924,2,0,51.0,4,5,0,0,0,0,1,0,1,0,1,0,0,1,1987,0,1,0,0,0,0,0,0,1,0,0,3,0,0,1,1,2,0,7,0,0,0,2,1,4,0,1,4,2450000.0
1601,2,0,92.0,8,8,0,1,0,0,0,2,0,1,0,1,1,0,2018,0,0,0,0,1,0,0,0,1,0,0,1,0,1,5,0,0,0,4,52,1,1,10,0,5,5,0,4,5700000.0
291,1,1,18.0,4,5,0,0,0,0,1,0,0,1,0,0,0,0,1967,0,1,0,0,0,1,0,0,0,0,0,7,11,1,8,3,1,3,3,22,5,0,10,0,13,2,12,17,1100000.0
1359,2,0,52.4,1,9,0,0,0,0,1,0,1,0,1,1,0,1,1979,0,1,0,0,0,1,0,0,0,0,0,2,0,0,3,1,0,1,9,0,3,0,4,4,6,2,1,8,2500000.0
1482,4,0,86.0,1,10,0,1,0,0,0,0,0,0,0,1,0,1,1994,0,1,0,0,0,1,0,0,0,0,0,4,0,4,27,5,4,1,11,16,11,0,9,2,42,12,10,30,3200000.0
856,2,0,42.3,6,9,1,0,0,0,1,0,1,0,1,1,0,1,1981,0,1,0,0,0,1,0,0,0,0,0,1,4,0,0,0,3,1,6,1,1,0,2,0,3,0,0,2,2700000.0
1245,3,0,61.0,2,4,0,0,1,0,0,0,0,1,0,0,0,0,1958,0,0,0,1,0,0,0,0,1,0,0,7,4,1,6,2,1,1,8,1,1,0,6,4,13,2,2,11,3300000.0
460,3,0,51.0,3,5,0,0,0,0,1,1,0,1,0,0,0,0,1971,0,1,0,0,0,0,0,0,1,0,0,6,0,1,5,2,0,0,9,3,2,0,5,1,10,1,5,6,2200000.0
472,1,0,32.0,2,5,0,0,0,0,1,0,0,0,0,0,0,0,1951,0,1,0,0,0,0,0,0,1,0,0,6,5,2,18,4,5,2,14,44,5,1,20,4,11,12,17,13,1800000.0
1425,1,0,34.0,3,5,0,0,0,0,1,1,0,0,1,0,0,1,1979,0,1,0,0,0,1,0,0,0,0,0,5,0,3,3,2,1,2,11,5,2,0,5,2,6,1,5,14,1900000.0
1606,2,0,60.0,4,16,0,1,0,0,0,1,0,0,1,1,0,1,2012,0,1,0,0,0,0,0,0,1,0,0,2,0,3,14,3,5,1,15,7,3,0,9,2,21,6,3,20,3450000.0
71,3,0,68.0,1,10,0,0,0,0,1,0,0,0,0,1,0,1,1992,0,1,0,0,0,1,0,0,0,0,0,4,8,6,24,4,7,4,28,44,8,0,32,5,17,17,36,33,3500000.0
1230,1,0,30.1,1,4,0,0,0,0,1,0,0,0,0,0,0,0,1962,0,1,0,0,0,0,0,0,1,0,0,6,42,11,15,6,10,1,19,70,6,1,72,4,11,53,44,24,1698300.0
22,3,0,64.6,1,10,0,0,0,0,1,2,0,0,0,1,0,1,1995,0,1,0,0,0,1,0,0,0,0,0,2,1,2,18,1,1,0,11,58,9,1,13,0,21,7,12,23,3200000.0
763,2,0,43.5,5,5,0,0,0,0,1,1,0,0,1,0,0,0,1968,0,1,0,0,0,1,0,0,0,0,0,12,5,2,5,3,2,2,12,4,4,0,7,1,20,3,7,19,2100000.0
79,4,0,60.0,4,5,0,0,0,0,1,0,0,0,0,0,0,0,1948,0,0,0,1,0,0,0,0,1,0,0,10,6,2,8,4,5,2,11,9,5,0,8,4,18,3,11,27,2700000.0
895,1,0,30.5,1,2,0,0,0,1,0,0,0,1,0,0,0,0,1944,0,0,0,1,0,0,1,0,0,0,0,5,5,2,6,4,2,1,10,2,3,0,4,3,12,2,6,8,1700000.0
573,2,0,54.0,10,10,0,0,0,0,1,1,0,0,0,1,0,1,1995,0,1,0,0,0,1,0,0,0,0,0,4,0,0,20,3,4,0,10,9,9,0,5,0,25,7,11,32,3400000.0
442,1,0,47.0,14,17,0,0,0,0,1,0,0,1,0,2,1,1,2016,0,1,0,0,0,0,0,0,1,0,0,0,0,0,1,0,1,0,2,0,0,0,0,1,5,1,0,4,2500000.0
374,1,0,39.9,24,25,0,0,0,0,1,0,1,1,0,0,0,0,2017,0,1,0,0,0,0,0,0,1,0,0,2,2,3,8,1,0,1,6,2,9,0,8,3,17,4,2,13,2397000.0
489,3,0,74.0,6,9,0,0,0,0,1,1,0,0,1,1,0,1,1977,0,1,0,0,0,1,0,0,0,0,0,7,1,3,9,4,5,1,13,4,9,0,6,1,21,4,8,19,3400000.0
1157,1,0,34.9,3,5,0,0,0,0,1,1,0,0,1,0,0,1,1978,0,1,0,0,0,1,0,0,0,0,0,3,3,3,9,2,4,1,10,15,4,1,23,4,11,2,12,14,1750000.0
656,1,1,26.0,1,17,0,0,0,0,1,0,0,1,0,1,0,1,2015,0,1,0,0,0,0,0,0,1,0,0,1,0,0,2,1,1,0,2,1,3,0,2,2,8,0,3,6,1450000.0
464,1,1,31.8,15,17,1,0,0,0,1,1,0,1,0,1,1,1,2014,0,1,0,0,0,0,0,0,1,0,0,7,6,2,4,3,3,1,9,6,3,0,7,3,16,3,9,18,1800000.0
622,2,0,45.0,5,5,0,0,0,0,1,1,0,1,0,0,0,0,1968,0,1,0,0,0,1,0,0,0,0,0,6,0,0,7,1,1,0,9,2,2,0,3,1,12,0,8,10,2550000.0
854,1,0,20.0,2,2,0,0,0,0,1,0,0,0,0,0,0,0,1954,0,0,0,1,0,0,0,0,1,0,0,1,0,1,1,1,2,0,4,0,0,0,0,2,1,0,0,0,800000.0
648,1,0,38.0,6,9,1,0,0,0,1,0,1,1,0,1,0,1,2015,0,1,0,0,0,0,0,0,1,0,0,1,0,0,2,1,1,0,2,1,3,0,2,1,8,0,3,6,1700000.0
1502,2,0,48.7,5,5,0,1,0,0,0,1,0,0,1,0,0,0,1974,0,1,0,0,0,1,0,0,0,0,0,3,1,1,5,3,2,1,8,4,5,0,7,3,12,2,5,12,2000000.0
389,1,0,51.0,8,20,0,0,0,0,1,0,1,1,0,0,0,0,2016,0,1,0,0,0,0,0,0,1,0,0,2,18,0,2,2,2,1,4,0,4,0,3,1,9,2,1,6,3050000.0
857,1,0,18.0,4,5,0,0,0,0,1,0,0,1,0,0,0,0,1969,0,1,0,0,0,1,0,0,0,0,0,0,6,0,1,0,3,4,6,1,1,0,1,1,3,0,1,2,1150000.0
45,3,0,100.0,3,10,0,0,0,1,0,0,1,0,1,1,0,1,2012,0,1,0,0,0,1,0,0,0,0,0,2,0,0,2,2,0,0,3,1,1,0,0,1,7,0,0,4,6000000.0
958,3,0,60.0,1,5,0,0,0,0,1,1,0,0,0,0,0,0,1993,0,0,1,0,0,0,0,0,1,0,0,1,0,0,0,1,1,0,2,0,2,0,0,2,3,0,1,1,2599000.0
650,1,0,36.0,4,16,0,0,0,0,1,0,0,0,0,1,0,1,2016,0,1,0,0,0,0,0,0,1,0,0,1,0,0,2,1,1,0,1,1,3,0,1,0,8,0,3,6,1730000.0
1234,2,0,46.0,4,5,0,0,0,0,1,1,0,1,0,0,0,0,1971,0,1,0,0,0,0,0,0,1,0,0,6,2,2,14,3,5,2,16,19,5,1,11,4,21,8,10,21,2550000.0
1007,3,0,68.7,2,5,0,0,0,0,1,1,0,1,0,0,0,0,1993,0,1,0,0,0,1,0,0,0,0,0,5,0,0,6,1,2,0,10,3,3,0,2,2,15,1,3,11,3435000.0
1299,1,0,30.9,8,9,1,0,0,0,1,1,0,0,1,1,0,1,1984,0,1,0,0,0,1,0,0,0,0,0,7,0,0,5,3,6,0,8,2,7,0,7,1,17,3,9,9,1870000.0
353,2,0,57.0,7,10,1,0,0,0,1,0,1,0,1,1,0,1,2014,0,1,0,0,0,1,0,0,0,0,0,1,0,0,4,1,1,0,1,1,3,0,3,1,9,0,3,6,2800000.0
1490,3,0,59.0,4,5,0,1,0,0,0,1,0,1,0,0,0,0,1973,0,1,0,0,0,1,0,0,0,0,0,9,6,1,8,4,5,1,9,11,6,0,7,4,19,5,11,29,2550000.0
1454,3,0,99.0,13,16,0,1,0,0,0,1,1,0,1,1,1,1,2009,0,1,0,0,0,1,0,0,0,0,0,2,1,2,20,1,1,0,12,58,9,1,15,0,23,7,13,24,5700000.0
1008,1,0,35.0,1,5,0,0,0,0,1,0,1,0,1,0,0,0,1980,0,1,0,0,0,1,0,0,0,0,0,5,0,0,5,2,2,0,11,3,4,0,4,2,15,3,2,9,2050000.0
911,3,0,64.4,5,5,0,0,0,0,1,0,1,0,1,0,0,0,1975,0,1,0,0,0,0,0,0,1,0,0,6,3,1,7,2,4,1,12,11,4,1,10,3,14,2,14,13,3800000.0
583,2,0,53.9,5,10,0,0,0,0,1,1,0,0,1,1,0,1,1996,0,1,0,0,0,1,0,0,0,0,0,3,0,0,19,2,4,0,9,9,9,0,6,0,24,8,9,31,3230000.0
1351,5,0,100.0,7,9,0,0,0,0,1,0,1,0,1,1,0,1,1977,0,1,0,0,0,1,0,0,0,0,0,11,0,1,7,5,2,2,12,5,5,0,9,1,18,4,9,24,5500000.0
1288,2,0,75.0,1,17,0,0,0,0,1,0,1,0,1,1,0,1,2013,0,1,0,0,0,1,0,0,0,0,0,0,5,0,3,1,1,0,4,1,2,0,3,0,12,3,0,10,3790000.0
759,1,1,13.0,3,5,0,0,0,0,1,0,0,1,0,0,0,0,1974,0,0,1,0,0,0,0,0,1,0,0,1,0,0,0,1,1,0,5,0,2,0,3,5,3,1,1,1,590000.0
740,3,0,96.2,1,14,0,0,0,0,1,0,2,0,0,1,0,1,2011,0,1,0,0,0,1,0,0,0,0,0,4,2,3,10,2,0,1,10,3,8,0,9,4,17,6,6,15,4450000.0
1360,1,0,30.0,4,5,0,0,0,0,1,1,0,0,1,0,0,0,1977,0,1,0,0,0,1,0,0,0,0,0,2,0,3,2,2,0,2,9,4,1,0,5,4,6,2,5,11,1500000.0
546,1,0,36.0,2,10,0,0,0,0,1,0,1,0,1,1,0,1,1993,0,1,0,0,0,1,0,0,0,0,0,3,0,1,15,3,4,0,12,13,8,0,5,0,24,7,11,31,2050000.0
25,2,0,56.0,10,10,0,0,0,0,1,1,0,0,1,1,0,1,2007,0,1,0,0,0,1,0,0,0,0,0,3,1,2,25,1,1,0,12,63,9,1,16,0,27,8,15,26,3400000.0
1580,1,1,17.0,5,5,0,1,0,0,0,0,0,1,0,1,0,0,1965,0,1,0,0,0,1,0,0,0,0,0,4,3,3,8,2,4,1,10,15,4,1,25,5,11,1,10,13,1070000.0
317,3,0,69.0,8,10,0,0,0,0,1,0,1,0,1,1,0,1,1998,0,1,0,0,0,1,0,0,0,0,0,7,0,1,10,3,6,0,10,4,8,0,10,2,20,2,12,12,3650000.0
509,1,0,45.0,3,4,0,0,0,0,1,0,0,0,1,0,0,0,1947,0,0,0,1,0,0,0,0,1,0,0,6,10,2,19,5,5,2,18,43,8,0,26,4,13,11,21,16,2600000.0
1235,1,0,16.9,1,2,0,0,0,0,1,0,0,0,0,0,0,0,1953,0,0,0,1,0,0,0,0,1,0,0,4,5,5,15,4,3,3,17,55,3,1,17,3,15,9,11,15,750000.0
527,1,0,42.0,9,10,1,0,0,0,1,1,0,0,1,1,0,0,2006,0,1,0,0,0,1,0,0,0,0,0,2,0,0,2,1,1,1,3,0,0,0,0,0,2,2,0,4,2100000.0
1117,1,0,38.0,14,18,0,0,0,0,1,0,1,0,1,1,1,1,2015,0,1,0,0,0,0,0,0,0,1,0,2,2,3,9,1,1,1,9,3,9,0,9,3,18,4,2,14,2250000.0
521,2,0,47.4,4,9,0,0,0,0,1,1,0,0,1,1,0,0,1969,0,1,0,0,0,1,0,0,0,0,0,8,2,2,10,2,2,0,18,10,2,0,7,4,15,2,7,11,2700000.0
1561,2,0,46.0,5,5,0,1,0,0,0,1,0,1,0,0,0,0,1965,0,1,0,0,0,1,0,0,0,0,0,7,2,2,8,2,2,0,17,10,4,0,7,4,19,2,11,14,2050000.0
331,2,0,39.1,7,9,0,0,0,0,1,0,1,0,1,1,0,1,1974,0,1,0,0,0,1,0,0,0,0,0,8,4,2,17,3,2,3,18,22,10,1,13,2,28,10,16,31,2200000.0
1061,2,0,45.0,2,5,0,0,0,0,1,1,0,0,1,0,0,0,1970,0,1,0,0,0,1,0,0,0,0,0,4,0,1,8,1,1,0,7,4,3,0,5,1,11,0,9,12,2750000.0
960,2,0,54.0,2,2,0,0,0,0,1,0,0,0,1,0,0,0,2004,0,1,0,0,0,0,0,0,1,0,0,1,0,0,1,1,1,0,2,0,2,0,0,3,3,1,1,1,2000000.0
574,1,1,38.6,3,10,1,0,0,0,1,0,1,1,0,0,1,1,2007,0,1,0,0,0,0,0,0,1,0,0,5,0,0,29,3,4,0,12,47,11,1,13,0,30,11,13,37,2350000.0
653,1,0,42.0,6,17,1,0,0,0,1,1,0,0,0,1,1,1,2015,0,1,0,0,0,0,0,0,1,0,0,1,0,0,2,1,1,0,1,1,3,0,2,1,8,0,3,6,2200000.0
890,3,0,111.0,5,15,0,0,0,0,1,1,0,0,1,1,0,1,2015,0,1,0,0,0,0,0,0,1,0,0,4,3,0,12,3,2,2,21,10,8,0,8,2,18,6,8,20,6700000.0
483,2,0,48.0,6,9,0,0,0,0,1,0,1,0,1,1,0,1,1982,0,1,0,0,0,1,0,0,0,0,0,6,1,2,5,0,2,0,2,0,4,0,0,2,9,1,1,5,2400000.0
1402,2,0,47.9,4,5,0,0,0,1,0,0,1,0,1,0,0,0,1984,0,1,0,0,0,1,0,0,0,0,0,7,1,2,5,1,3,0,6,1,5,0,0,2,10,1,2,7,2600000.0
1422,2,0,38.0,2,2,0,0,0,0,1,0,0,0,0,0,0,0,1957,0,0,0,1,0,0,1,0,0,0,0,3,0,0,3,2,2,0,7,1,3,0,2,4,6,0,3,6,1550000.0
635,1,1,17.0,2,5,0,0,0,0,1,0,0,1,0,0,0,0,1966,0,1,0,0,0,1,0,0,0,0,0,4,3,3,8,2,2,1,9,14,4,1,15,6,8,1,7,11,1000000.0
781,1,1,26.7,2,14,0,0,0,0,1,1,0,0,0,1,1,1,2014,0,1,0,0,0,0,0,0,0,1,0,1,0,2,2,1,1,2,4,1,1,0,2,4,3,1,1,3,1400000.0
485,1,0,31.0,3,5,0,0,0,0,1,1,0,1,0,0,0,0,1964,0,1,0,0,0,1,0,0,0,0,0,4,1,3,5,3,3,1,11,5,9,0,4,2,15,4,6,18,1700000.0
817,1,0,25.0,1,5,0,0,0,0,1,0,0,1,0,0,0,0,1977,0,1,0,0,0,0,0,0,1,0,0,2,1,1,4,1,0,1,4,10,2,0,5,7,5,1,0,3,1350000.0
774,1,1,18.0,9,9,0,0,1,0,0,1,0,1,0,1,0,0,1984,0,1,0,0,0,1,0,0,0,0,0,1,0,2,2,1,3,2,5,2,1,0,3,4,4,1,1,4,1050000.0
131,1,0,36.4,6,10,0,0,0,0,1,0,1,1,0,1,0,1,2006,0,1,0,0,0,0,0,0,1,0,0,5,1,5,9,4,3,1,13,5,11,0,6,3,22,2,7,16,2300000.0
906,1,0,40.6,1,10,0,0,0,0,1,0,0,0,1,1,0,1,2007,0,1,0,0,0,1,0,0,0,0,0,5,2,1,4,1,2,0,14,6,0,0,5,4,6,0,4,6,2000000.0
666,3,0,76.6,5,16,0,0,0,0,1,1,0,0,1,1,1,1,2016,0,1,0,0,0,0,0,0,0,1,0,3,0,0,4,2,2,0,5,2,3,0,3,2,13,0,5,10,3650000.0
1398,1,0,42.0,6,10,0,0,0,0,1,1,0,0,0,1,0,1,2006,0,1,0,0,0,1,0,0,0,0,0,1,0,0,2,2,0,0,2,1,1,0,0,1,6,0,0,3,2350000.0
39,1,1,17.0,4,5,0,0,0,1,0,0,0,1,0,0,0,0,1967,0,1,0,0,0,0,0,0,1,0,0,2,9,3,11,3,4,0,21,23,2,0,18,6,10,8,11,14,1050000.0
208,1,1,17.0,3,5,0,0,0,0,1,0,0,1,0,0,0,0,1969,0,1,0,0,0,1,0,0,0,0,0,6,0,2,8,4,3,1,11,5,10,0,6,1,19,4,9,17,1000000.0
242,4,0,85.1,9,10,0,0,0,0,1,0,1,0,1,1,0,1,1988,0,1,0,0,0,1,0,0,0,0,0,5,4,2,7,3,4,1,7,12,3,1,18,1,13,1,15,14,4490000.0
1513,2,0,45.0,3,5,0,1,0,0,0,1,0,1,0,0,0,0,1964,0,1,0,0,0,1,0,0,0,0,0,3,1,3,3,2,3,1,12,3,8,0,3,2,13,5,3,15,1850000.0
1428,2,0,45.0,5,5,0,0,0,0,1,1,0,0,1,0,0,0,1974,0,1,0,0,0,1,0,0,0,0,0,6,0,3,5,2,2,1,11,5,2,0,4,2,8,0,5,15,1800000.0
243,1,0,32.0,3,5,0,0,0,0,1,1,0,1,0,0,0,0,1964,0,1,0,0,0,1,0,0,0,0,0,6,3,2,8,3,4,1,12,12,4,1,17,2,13,1,16,15,1920000.0
732,2,0,64.0,4,10,0,0,1,0,0,0,1,1,0,1,0,1,2004,0,1,0,0,0,0,0,0,0,1,0,2,2,2,8,1,1,1,6,3,9,0,7,2,13,5,2,13,3600000.0
638,3,0,50.0,4,5,0,0,0,0,1,1,0,0,1,0,0,0,1968,0,1,0,0,0,1,0,0,0,0,0,13,15,2,11,4,2,2,9,16,6,0,10,1,22,4,11,24,2500000.0
932,2,0,49.0,3,5,0,0,0,0,1,1,0,0,1,0,0,0,1973,0,1,0,0,0,1,0,0,0,0,0,7,2,2,7,3,3,0,13,11,3,0,9,2,15,2,14,15,2500000.0
1175,2,0,46.4,12,12,0,0,0,1,0,0,1,0,1,1,0,1,2007,0,1,0,0,0,0,0,0,1,0,0,5,10,3,19,2,3,1,13,20,7,1,12,2,24,12,8,22,2750000.0
434,1,0,37.7,9,18,0,0,0,0,1,1,0,1,0,0,0,1,2017,0,1,0,0,0,0,0,0,1,0,0,0,0,0,0,0,1,0,1,0,0,0,0,0,3,1,0,2,2300000.0
1407,3,0,41.0,2,2,0,0,0,0,1,1,0,0,1,0,0,0,1962,0,0,0,1,0,0,0,0,1,0,0,8,1,2,5,1,3,0,8,1,5,0,2,3,11,1,2,8,1550000.0
580,2,0,75.0,10,10,0,0,0,0,1,0,0,0,0,1,0,1,2007,0,1,0,0,0,0,0,0,1,0,0,5,0,0,29,3,4,0,10,10,12,0,5,0,32,9,13,40,4500000.0
1033,1,0,43.0,9,17,1,0,0,0,1,1,0,1,0,1,1,1,2016,0,1,0,0,0,0,0,0,1,0,0,2,8,0,0,0,0,0,4,1,1,0,5,2,6,2,1,2,2700000.0
833,1,0,32.0,4,9,0,0,0,0,1,2,0,1,0,1,0,1,2016,0,1,0,0,0,1,0,0,0,0,0,7,2,3,6,3,1,0,13,5,6,0,7,3,14,1,7,11,2000000.0
1005,3,0,62.0,5,5,0,0,0,0,1,0,0,1,0,0,0,0,1980,0,1,0,0,0,1,0,0,0,0,0,5,0,0,5,1,2,0,10,3,2,0,2,2,15,2,3,12,3500000.0
1047,3,0,50.0,3,5,0,0,0,0,1,1,0,0,0,0,0,0,1971,0,1,0,0,0,1,0,0,0,0,0,3,9,1,11,2,2,0,10,11,5,0,15,3,13,6,8,10,3000000.0
459,3,0,77.0,2,9,0,0,0,0,1,1,0,0,1,1,0,1,1981,0,1,0,0,0,1,0,0,0,0,0,5,0,1,3,2,0,0,7,3,2,0,5,1,6,1,5,6,4300000.0
1470,1,0,42.2,3,10,0,1,0,0,0,1,0,1,0,0,1,1,2006,0,1,0,0,0,1,0,0,0,0,0,4,1,5,9,3,2,0,12,5,10,0,5,4,21,2,5,15,2700000.0
1604,2,0,65.0,2,16,0,1,0,0,0,0,1,0,1,1,0,1,2014,0,1,0,0,0,1,0,0,0,0,0,2,3,0,5,1,1,0,7,1,2,0,4,0,13,3,0,12,3650000.0
749,1,0,37.0,12,17,0,0,0,0,1,1,0,1,0,1,0,1,2013,0,1,0,0,0,0,0,0,1,0,0,1,1,0,2,1,2,0,7,0,3,0,2,1,2,1,0,6,2050000.0
990,2,0,46.0,4,5,0,0,0,0,1,0,1,1,0,0,0,0,1961,0,1,0,0,0,1,0,0,0,0,0,5,1,1,5,3,3,1,7,1,3,0,4,2,11,1,4,11,2300000.0
64,2,0,80.5,7,9,0,0,1,0,0,0,1,0,1,1,0,1,2008,0,1,0,0,0,0,0,0,0,0,1,2,4,4,21,2,3,4,15,19,8,0,19,8,18,13,28,17,4500000.0
458,1,0,30.4,4,5,0,0,0,0,1,0,0,0,0,0,0,0,1973,0,1,0,0,0,0,0,0,1,0,0,6,0,1,4,2,0,0,7,3,4,0,6,1,7,1,5,8,1450000.0
80,2,0,40.2,2,2,1,0,0,0,1,1,0,1,0,0,0,0,1948,0,0,0,1,0,0,0,0,1,0,0,9,6,2,9,3,4,0,11,8,6,0,8,4,19,3,10,27,1800000.0
1043,3,0,60.0,2,9,0,0,0,0,1,1,0,0,1,1,0,1,1972,0,1,0,0,0,1,0,0,0,0,0,6,21,4,21,4,5,0,15,49,9,0,28,5,14,15,22,17,3400000.0
69,1,0,37.0,1,9,0,0,0,0,1,0,0,0,1,1,0,0,1997,0,1,0,0,0,0,0,0,1,0,0,2,6,4,17,2,7,2,23,27,6,0,21,6,11,11,25,21,2150000.0
477,2,0,54.0,1,9,0,0,0,0,1,0,1,0,0,2,0,1,1988,0,1,0,0,0,1,0,0,0,0,0,3,1,2,3,0,2,0,2,0,4,0,0,1,8,1,1,4,2400000.0
613,2,0,40.3,10,12,0,0,0,1,0,0,1,1,0,1,0,1,1977,0,1,0,0,0,1,0,0,0,0,0,5,0,0,5,2,1,0,9,1,3,0,0,1,11,0,3,8,2400000.0
1087,2,0,63.0,9,18,0,0,0,0,1,1,0,0,0,1,0,1,2017,0,1,0,0,0,0,0,0,1,0,0,0,0,0,1,1,1,0,4,3,0,0,4,3,1,1,0,3,3100000.0
688,4,0,82.7,7,9,0,0,0,0,1,1,0,0,1,1,0,1,1986,0,1,0,0,0,1,0,0,0,0,0,3,0,1,3,1,2,0,5,3,0,0,3,1,8,0,2,5,3250000.0
884,3,0,56.0,1,5,0,0,0,0,1,0,0,1,0,0,0,0,1966,0,1,0,0,0,1,0,0,0,0,0,5,2,0,9,2,1,1,12,4,6,0,5,2,16,5,3,13,2900000.0
625,2,0,44.0,9,9,1,0,0,0,1,1,0,0,1,1,0,1,1981,0,1,0,0,0,1,0,0,0,0,0,4,2,4,10,1,1,1,11,6,11,0,10,3,19,5,6,21,2250000.0
496,4,0,80.0,1,9,0,0,0,0,1,0,0,0,1,1,0,0,1975,0,1,0,0,0,1,0,0,0,0,0,4,0,1,4,2,2,0,7,30,6,1,10,4,8,3,7,9,3500000.0
954,3,0,49.6,1,5,0,0,0,0,1,0,0,0,1,0,0,0,1979,0,1,0,0,0,1,0,0,0,0,0,1,0,0,0,1,0,0,3,0,0,0,0,1,1,0,0,0,2500000.0
961,1,0,34.8,1,2,0,0,0,0,1,0,0,1,0,0,0,0,2004,0,1,0,0,0,0,0,0,1,0,0,1,0,0,1,1,1,0,2,0,2,0,0,3,3,1,1,1,1600000.0
386,3,0,85.0,3,10,0,0,0,0,1,0,1,0,1,1,0,1,2004,0,1,0,0,0,0,0,0,1,0,0,5,5,0,4,3,0,1,8,3,3,0,5,2,15,4,1,10,5290000.0
963,1,0,26.7,1,2,0,0,0,0,1,0,0,1,0,0,0,0,2004,0,1,0,0,0,0,0,0,1,0,0,1,0,0,1,1,1,0,2,0,2,0,0,3,3,1,1,1,1365000.0
226,3,0,56.0,4,5,0,0,0,0,1,1,0,0,0,0,0,0,1963,0,1,0,0,0,1,0,0,0,0,0,1,0,3,13,2,3,1,9,16,5,0,17,6,7,2,8,12,2750000.0
517,2,0,48.0,6,9,0,0,0,0,1,1,0,0,1,1,0,0,1969,0,1,0,0,0,1,0,0,0,0,0,8,2,2,10,2,2,0,18,10,2,0,7,4,15,2,7,11,2900000.0
104,1,0,32.0,4,10,1,0,0,0,1,0,1,0,1,1,1,1,2011,0,1,0,0,0,1,0,0,0,0,0,5,1,2,2,0,2,0,2,0,2,0,0,1,6,1,1,3,1950000.0
1178,1,0,34.0,9,9,0,0,0,0,1,1,0,0,1,1,0,1,1987,0,1,0,0,0,1,0,0,0,0,0,4,3,0,6,1,1,2,10,3,3,0,7,2,13,2,6,14,1950000.0
1545,2,0,42.0,3,5,0,1,0,0,0,1,0,1,0,0,0,0,1966,0,1,0,0,0,0,0,0,1,0,0,9,2,3,5,3,1,0,14,4,6,0,4,3,14,1,6,12,2150000.0
779,1,0,43.0,4,16,0,0,0,0,1,1,0,1,0,1,0,1,2014,0,1,0,0,0,0,0,0,0,1,0,1,0,2,2,1,1,2,4,1,1,0,2,4,3,1,1,3,2000000.0
220,1,0,27.5,8,12,0,0,0,0,1,0,0,0,1,1,1,1,1970,0,1,0,0,0,1,0,0,0,0,0,4,11,1,14,2,3,2,6,24,5,0,9,1,13,3,12,14,1600000.0
158,1,1,18.0,2,5,0,0,0,0,1,0,0,0,0,0,0,0,1967,0,0,1,0,0,1,0,0,0,0,0,3,0,0,1,2,3,0,7,1,2,0,1,2,5,3,2,9,1150000.0
358,4,0,78.0,8,9,0,0,0,0,1,2,0,0,1,1,0,1,1983,0,1,0,0,0,1,0,0,0,0,0,3,0,1,3,1,2,0,6,3,1,0,3,0,10,0,4,7,3550000.0
1487,1,0,38.41,21,21,0,1,0,0,0,0,1,1,0,1,0,1,2016,0,1,0,0,0,0,0,0,1,0,0,1,0,3,12,1,3,0,10,9,6,0,11,2,13,4,3,20,2400000.0
1263,1,0,41.0,1,10,0,0,0,0,1,0,0,0,0,1,0,1,2004,0,1,0,0,0,1,0,0,0,0,0,4,7,5,30,2,3,2,24,35,7,0,35,7,19,18,28,26,2150000.0
216,1,1,32.0,4,5,0,0,0,1,0,1,1,1,0,0,0,0,1961,0,1,0,0,0,1,0,0,0,0,0,6,11,2,16,3,3,2,7,22,6,0,9,4,17,2,12,13,1800000.0
1048,3,0,95.0,5,5,0,0,1,0,0,1,1,1,0,0,0,0,1971,0,1,0,0,0,1,0,0,0,0,0,3,9,1,11,2,2,0,10,11,5,0,15,3,13,6,8,10,4400000.0
235,2,0,34.0,9,9,0,0,0,0,1,0,0,1,0,1,0,0,1974,0,1,0,0,0,0,0,0,1,0,0,2,0,3,12,2,2,1,8,16,4,0,17,5,6,3,9,12,1850000.0
203,2,0,41.3,9,9,0,0,0,0,1,1,0,0,1,1,0,1,1980,0,1,0,0,0,1,0,0,0,0,0,4,0,3,6,3,4,1,12,4,9,0,4,0,15,5,4,18,2500000.0
835,1,0,33.0,4,5,0,0,0,1,0,1,0,1,0,0,0,0,1967,0,1,0,0,0,0,0,0,1,0,0,7,2,3,6,4,1,0,13,5,6,0,7,3,15,1,8,12,1900000.0
995,1,0,17.0,2,2,0,0,0,0,1,0,0,1,0,0,0,0,1955,0,0,0,1,0,0,0,0,1,0,0,1,0,0,0,1,2,0,4,0,0,0,0,2,1,0,0,0,800000.0
594,2,0,58.0,6,16,1,0,0,0,1,1,0,1,0,1,1,1,2012,0,1,0,0,0,0,0,0,1,0,0,5,0,5,22,4,1,1,14,8,10,0,6,4,33,8,6,19,3340000.0
443,1,0,47.7,14,19,1,0,0,0,1,0,0,1,0,2,1,1,2016,0,1,0,0,0,0,0,0,1,0,0,0,0,0,1,0,1,0,2,0,0,0,0,1,5,1,0,4,2300000.0
462,3,0,58.0,4,5,0,0,0,0,1,0,1,0,1,0,0,0,1985,0,1,0,0,0,0,0,0,1,0,0,6,0,1,5,4,0,0,9,3,3,0,6,1,10,1,7,9,3000000.0
1532,4,0,86.0,6,9,0,1,0,0,0,3,0,0,1,1,0,1,1984,0,1,0,0,0,1,0,0,0,0,0,4,0,1,5,2,2,0,6,4,1,0,3,2,12,0,5,8,3200000.0
1466,1,0,34.0,5,5,0,1,0,0,0,1,0,0,1,0,0,1,1983,0,1,0,0,0,1,0,0,0,0,0,5,1,4,14,3,5,1,11,5,10,0,9,4,29,4,7,17,1700000.0
712,2,0,68.4,2,16,0,0,0,0,1,1,0,0,1,1,1,0,2017,0,1,0,0,0,0,0,0,1,0,0,0,0,0,2,1,0,0,1,0,2,0,1,0,5,0,3,3,4000000.0
1169,2,0,42.0,2,5,0,0,0,0,1,0,0,1,0,0,0,0,1964,0,1,0,0,0,0,0,0,1,0,0,5,1,5,11,3,1,2,11,29,5,0,15,2,10,2,13,18,2400000.0
1553,3,0,87.0,9,10,0,1,0,0,0,1,0,0,1,1,1,1,2007,0,1,0,0,0,1,0,0,0,0,0,4,5,1,15,4,2,2,25,13,9,0,10,2,16,4,13,23,5200000.0
16,4,0,83.0,2,10,0,0,0,0,1,1,0,0,0,1,0,1,1995,0,1,0,0,0,1,0,0,0,0,0,4,0,1,21,3,4,1,12,13,10,0,5,0,26,8,12,35,4080000.0
951,2,0,54.0,3,5,0,0,0,0,1,0,1,0,1,0,0,1,1987,0,0,1,0,0,0,0,0,1,0,0,1,0,0,0,1,1,0,2,0,2,0,0,1,3,0,1,1,2280000.0
769,1,0,14.0,4,5,0,0,0,0,1,0,0,0,0,0,0,0,1957,0,1,0,0,0,1,0,0,0,0,0,1,0,2,2,1,3,2,5,2,1,0,3,4,4,2,1,4,800000.0
1517,4,0,83.0,1,9,1,1,0,0,0,0,1,0,1,1,0,1,1968,0,1,0,0,0,1,0,0,0,0,0,8,2,3,7,3,3,0,13,5,12,0,8,3,18,1,6,16,4200000.0
1463,2,0,42.0,3,4,0,1,0,0,0,0,0,1,0,0,0,0,1960,0,1,0,0,0,0,0,0,1,0,0,5,6,1,15,1,3,1,10,15,5,1,9,4,18,10,6,17,2100000.0
1283,3,0,68.0,5,5,0,0,0,1,0,1,0,1,0,0,0,0,1973,0,1,0,0,0,0,0,0,1,0,0,1,0,0,2,2,0,0,6,1,2,0,1,4,8,0,0,4,3000000.0
441,2,0,48.0,12,17,0,0,0,0,1,0,0,0,0,1,0,0,1999,0,1,0,0,0,1,0,0,0,0,0,0,0,0,1,0,1,0,2,0,0,0,0,1,5,1,0,4,2100000.0
1321,4,0,60.0,5,5,0,0,0,0,1,1,0,0,1,0,0,0,1973,0,1,0,0,0,1,0,0,0,0,0,5,0,3,4,2,0,2,7,4,1,0,4,1,8,1,4,12,3000000.0
913,1,0,48.6,11,27,0,0,0,0,1,0,1,0,0,1,0,1,2013,0,1,0,0,0,0,0,0,1,0,0,4,1,5,32,2,0,2,15,64,8,1,23,2,21,14,21,27,3000000.0
566,4,0,82.9,1,10,0,0,1,0,0,0,0,0,1,1,0,1,1992,0,1,0,0,0,1,0,0,0,0,0,4,4,4,14,2,2,2,21,43,7,1,16,3,14,3,8,18,4600000.0
753,2,0,53.2,2,10,0,0,0,0,1,0,1,0,1,1,0,1,1988,0,1,0,0,0,1,0,0,0,0,0,5,3,2,5,1,4,0,11,2,10,0,6,3,14,1,2,15,2995000.0
1206,1,0,14.0,1,5,0,0,0,0,1,0,0,1,0,0,0,0,1980,0,1,0,0,0,1,0,0,0,0,0,8,7,1,18,4,2,1,25,19,11,0,12,2,27,4,14,25,750000.0
743,3,0,66.0,5,10,0,0,0,1,0,2,0,0,0,1,0,1,1989,0,1,0,0,0,1,0,0,0,0,0,5,3,3,9,2,0,1,10,3,8,0,7,3,12,6,7,11,3650000.0
1302,1,0,32.0,1,2,0,0,0,0,1,0,0,1,0,0,0,0,1959,0,0,0,1,0,0,0,0,1,0,0,2,3,1,3,2,1,0,11,14,0,0,7,6,9,4,2,3,1600000.0
6,1,0,33.8,4,5,0,0,0,0,1,1,0,0,1,0,0,1,1988,0,1,0,0,0,1,0,0,0,0,0,3,0,3,20,4,4,1,14,14,10,0,5,1,25,12,12,31,2150000.0
1294,3,0,64.0,5,5,0,0,0,0,1,0,0,0,0,0,0,0,1988,0,1,0,0,0,0,0,0,1,0,0,7,0,0,7,3,3,0,7,0,6,0,5,1,15,3,7,8,3050000.0
321,1,0,50.0,8,9,0,0,0,0,1,0,1,1,0,1,0,1,2007,0,1,0,0,0,0,0,0,1,0,0,6,0,3,15,2,5,0,8,8,9,0,8,1,33,4,4,15,2900000.0
515,2,0,44.8,3,5,0,0,0,0,1,1,0,0,1,0,0,0,1975,0,1,0,0,0,1,0,0,0,0,0,2,0,0,2,1,1,1,2,0,0,0,0,0,2,2,0,4,2450000.0
880,2,0,78.5,4,16,0,0,0,1,0,1,0,1,0,1,0,1,2012,0,1,0,0,0,0,0,0,1,0,0,2,18,0,2,2,2,0,3,0,4,0,3,1,8,1,1,4,4550000.0
1387,3,0,48.4,5,5,0,0,0,0,1,1,0,0,1,0,0,0,1968,0,1,0,0,0,1,0,0,0,0,0,4,0,1,7,3,3,1,7,4,6,0,3,0,11,2,5,9,2750000.0
722,1,0,17.0,2,5,0,0,0,0,1,0,0,1,0,0,0,0,1970,0,1,0,0,0,1,0,0,0,0,0,8,1,3,6,2,3,0,9,5,5,0,2,4,10,1,5,8,1000000.0
1242,2,0,48.0,3,5,0,0,0,0,1,1,0,1,0,0,0,0,1970,0,1,0,0,0,1,0,0,0,0,0,7,6,2,4,3,3,1,10,6,2,0,7,5,16,3,8,18,2350000.0
425,2,0,75.0,2,10,0,0,0,0,1,1,1,0,1,1,0,1,2012,0,1,0,0,0,1,0,0,0,0,0,0,0,0,1,0,1,0,2,0,0,0,0,1,5,1,0,3,3500000.0
683,2,0,52.0,3,14,1,0,0,0,1,1,0,1,0,1,1,0,2016,0,1,0,0,0,0,0,0,1,0,0,1,0,0,2,1,1,0,2,1,3,0,2,1,8,0,3,6,2950000.0
168,1,0,14.0,4,5,0,0,0,0,1,0,0,0,0,0,0,0,1973,0,1,0,0,0,1,0,0,0,0,0,3,0,0,1,2,3,0,7,0,2,0,1,3,4,3,0,9,750000.0
1435,4,0,84.0,4,10,0,0,0,0,1,1,0,0,1,1,0,1,1991,0,1,0,0,0,1,0,0,0,0,0,6,0,3,5,2,1,1,11,5,2,0,4,2,8,0,5,14,3850000.0
60,3,0,68.0,4,10,0,0,0,0,1,1,0,0,1,1,0,1,1991,0,1,0,0,0,1,0,0,0,0,0,3,6,7,34,3,5,4,27,38,10,0,38,5,19,19,38,29,4350000.0
1536,3,0,65.0,9,9,0,1,0,0,0,2,0,0,1,1,0,1,1979,0,1,0,0,0,1,0,0,0,0,0,2,2,2,8,1,2,1,6,3,9,0,7,2,13,5,2,14,3350000.0
669,1,0,36.0,1,9,0,0,0,0,1,0,0,0,1,1,0,1,2014,0,1,0,0,0,0,0,0,0,1,0,3,0,0,4,1,1,0,2,1,3,0,3,2,12,0,3,8,1750000.0
1146,1,1,14.0,5,5,0,0,0,0,1,0,0,1,0,0,0,0,1963,0,1,0,0,0,1,0,0,0,0,0,4,3,3,8,2,3,1,10,15,4,1,23,5,13,1,8,11,800000.0
1457,3,0,115.0,10,10,0,1,0,0,0,0,2,0,1,1,0,1,2012,0,1,0,0,0,1,0,0,0,0,0,2,0,0,2,2,0,0,3,1,1,0,0,1,7,0,0,4,5070000.0
450,1,0,25.2,5,15,0,0,0,0,1,1,0,1,0,0,0,0,2017,0,1,0,0,0,0,0,0,1,0,0,0,0,0,1,0,0,0,0,0,2,0,1,0,1,0,0,2,1450000.0
1276,1,0,32.4,5,5,0,0,0,0,1,1,0,1,0,0,0,0,1976,0,1,0,0,0,0,0,0,1,0,0,6,2,1,12,2,5,2,15,20,3,1,9,5,22,8,7,16,1780000.0
1227,1,0,38.0,6,17,0,0,0,0,1,1,0,1,0,1,0,1,2012,0,1,0,0,0,0,0,0,0,1,0,2,0,0,11,1,3,0,11,3,4,0,7,3,15,3,3,17,2450000.0
729,4,0,79.1,4,9,0,0,0,0,1,1,1,0,1,1,0,1,1979,0,1,0,0,0,1,0,0,0,0,0,2,3,2,9,1,2,1,8,2,8,0,9,2,15,5,2,13,4000000.0
1036,3,0,102.0,4,18,1,0,0,0,1,0,2,1,1,1,1,1,2014,0,1,0,0,0,0,0,0,1,0,0,1,8,0,0,0,0,0,4,1,1,0,4,2,5,2,1,2,6200000.0
201,2,0,45.5,4,5,0,0,0,0,1,1,0,0,0,0,0,0,1963,0,1,0,0,0,1,0,0,0,0,0,6,0,3,7,3,4,1,13,4,9,0,4,1,16,5,6,19,2280000.0
1424,3,0,64.0,5,5,1,0,0,1,0,1,0,0,1,0,0,1,1977,0,1,0,0,0,1,0,0,0,0,0,4,0,3,3,2,1,2,11,5,2,0,5,2,8,2,5,14,2850000.0
1313,2,0,56.0,3,15,0,0,0,0,1,1,0,2,1,1,1,0,2017,0,1,0,0,0,1,0,0,0,0,0,1,0,3,16,2,4,0,12,10,6,0,9,2,22,6,4,22,3600000.0
437,2,0,66.0,15,18,1,0,0,0,1,1,0,0,1,1,1,1,2014,0,1,0,0,0,0,0,0,1,0,0,0,0,0,1,0,1,0,2,0,0,0,0,1,4,1,0,3,3250000.0
213,3,0,72.0,4,5,0,0,0,0,1,1,0,0,1,0,0,0,1962,0,1,0,0,0,0,0,0,1,0,0,8,14,1,9,3,2,3,4,22,5,0,10,0,15,3,13,17,3900000.0
19,1,0,41.0,1,10,0,0,0,0,1,0,1,0,1,1,0,1,2013,0,1,0,0,0,1,0,0,0,0,0,5,0,1,28,4,4,1,11,12,11,0,6,0,30,7,13,37,2400000.0
983,3,0,75.8,1,5,0,0,0,0,1,0,1,0,1,0,0,0,1996,0,1,0,0,0,0,0,0,1,0,0,2,0,0,14,3,4,1,14,5,2,0,8,1,20,5,2,19,3800000.0
1504,1,0,41.0,5,15,0,1,0,0,0,1,0,0,1,1,0,1,2016,0,1,0,0,0,1,0,0,0,0,0,0,0,0,1,0,0,0,3,0,0,0,0,1,3,0,0,2,2150000.0
1374,2,0,45.0,4,5,0,0,0,1,0,1,0,0,1,0,0,0,1979,0,1,0,0,0,1,0,0,0,0,0,1,0,3,3,2,1,1,11,5,2,0,6,3,4,1,5,13,2150000.0
595,1,0,40.0,7,16,0,0,0,0,1,0,1,1,0,1,0,1,2011,0,1,0,0,0,0,0,0,1,0,0,5,1,5,22,5,1,1,14,8,10,0,6,6,32,7,9,20,2500000.0
350,3,0,64.5,9,9,0,0,0,0,1,0,0,0,0,0,0,0,1984,0,1,0,0,0,1,0,0,0,0,0,3,0,1,3,1,2,0,5,2,0,0,3,1,8,0,2,5,3000000.0
992,1,1,20.0,1,2,0,0,0,0,1,0,0,1,0,0,0,0,1955,0,0,0,1,0,0,0,0,1,0,0,1,0,1,1,1,2,0,4,0,0,0,0,3,1,0,0,0,840000.0
757,2,0,54.0,9,10,0,0,0,0,1,1,0,0,1,1,0,1,1978,0,1,0,0,0,1,0,0,0,0,0,5,2,3,11,1,2,1,10,6,12,0,10,3,21,6,4,23,2835000.0
1315,2,0,54.0,1,14,0,0,0,0,1,0,0,0,1,1,0,1,2010,0,1,0,0,0,1,0,0,0,0,0,1,0,3,14,3,5,1,17,7,3,0,9,2,21,6,3,20,3150000.0
1137,3,0,64.1,2,9,0,0,0,0,1,0,0,0,1,1,0,1,1983,0,1,0,0,0,1,0,0,0,0,0,4,2,1,10,2,0,0,13,17,8,0,10,3,18,4,10,21,3600000.0
1290,2,0,53.0,1,10,0,0,0,0,1,0,0,0,1,4,0,1,1993,0,1,0,0,0,1,0,0,0,0,0,0,6,0,3,1,1,0,7,1,2,0,4,0,12,2,0,10,3000000.0
797,1,0,31.0,3,5,0,0,0,0,1,0,0,0,1,0,0,0,1972,0,1,0,0,0,1,0,0,0,0,0,4,2,5,10,3,1,2,12,45,5,1,16,2,10,3,13,20,1950000.0
1353,3,0,65.0,7,9,0,0,1,0,0,0,1,0,1,1,0,1,1977,0,1,0,0,0,1,0,0,0,0,0,10,0,1,6,3,1,1,11,3,4,0,4,3,16,4,7,20,3150000.0
1605,2,0,44.7,3,5,0,1,0,0,0,1,0,1,0,0,0,0,1963,0,1,0,0,0,0,0,0,1,0,0,4,43,10,17,5,8,3,20,79,6,2,66,1,9,50,37,18,2750000.0
1046,3,0,58.0,1,9,0,0,0,0,1,0,0,0,1,1,0,1,1972,0,1,0,0,0,1,0,0,0,0,0,4,10,2,14,2,1,0,13,20,7,0,16,5,11,9,13,12,3100000.0
671,1,0,40.5,2,10,1,0,0,0,1,1,0,0,0,1,0,1,2016,0,1,0,0,0,1,0,0,0,0,0,2,0,0,4,1,1,0,2,1,3,0,3,2,11,0,3,7,2000000.0
244,1,0,15.0,1,5,0,0,0,0,1,0,0,0,0,0,0,0,1964,0,1,0,0,0,1,0,0,0,0,0,6,3,2,8,3,4,1,11,12,4,1,17,2,15,1,16,15,800000.0
723,1,1,17.1,5,5,0,0,0,0,1,0,0,1,0,0,0,0,1970,0,1,0,0,0,1,0,0,0,0,0,8,1,3,6,2,3,0,9,5,5,0,2,4,10,1,5,8,980000.0
58,3,0,72.0,2,10,0,0,0,0,1,1,0,0,0,4,0,1,2007,0,1,0,0,0,1,0,0,0,0,0,4,7,5,32,2,4,4,24,39,9,0,34,7,19,19,31,29,4350000.0
1495,4,0,105.0,4,25,0,1,0,0,0,1,1,1,0,1,0,1,2012,0,0,1,0,0,0,0,0,0,0,1,1,2,3,9,1,0,1,4,2,9,0,7,2,17,4,2,12,5450000.0
663,4,0,80.2,8,9,0,0,0,0,1,1,1,0,1,0,0,1,1984,0,1,0,0,0,1,0,0,0,0,0,4,0,1,5,2,2,0,6,4,1,0,3,2,12,0,5,8,3250000.0
0,1,0,35.1,7,9,1,0,0,0,1,1,0,0,0,1,0,1,1991,0,1,0,0,0,1,0,0,0,0,0,3,0,3,24,5,4,1,12,13,10,0,5,1,31,13,10,26,1946322.0
99,2,0,46.0,1,4,0,0,0,0,1,0,0,0,0,0,0,0,1961,0,1,0,0,0,0,0,0,1,0,0,12,14,1,15,5,4,3,11,25,6,0,8,3,22,6,13,24,2250000.0
504,3,0,66.7,10,10,0,0,0,1,0,1,1,0,1,1,0,1,1999,0,1,0,0,0,1,0,0,0,0,0,6,0,0,5,2,2,0,8,2,5,0,6,4,11,3,8,8,3800000.0
802,1,0,32.0,1,5,0,0,0,0,1,0,0,1,0,0,0,0,1963,0,1,0,0,0,1,0,0,0,0,0,4,4,5,11,3,1,2,13,38,5,1,15,3,11,3,13,19,1650000.0
691,1,1,21.0,1,9,0,0,0,0,1,1,0,1,0,0,0,0,1986,0,1,0,0,0,1,0,0,0,0,0,3,0,0,5,2,3,0,4,4,2,0,4,2,13,0,5,9,900000.0
167,1,0,18.0,5,5,0,0,0,0,1,0,0,1,0,0,0,0,1973,0,1,0,0,0,1,0,0,0,0,0,3,0,0,1,2,3,0,7,0,2,0,1,3,4,3,0,9,850000.0
18,4,0,80.2,6,10,0,0,0,0,1,1,0,0,1,1,0,1,1994,0,1,0,0,0,1,0,0,0,0,0,3,0,0,20,1,2,0,11,57,9,1,12,0,23,7,9,25,5000000.0
1184,1,1,15.0,5,5,1,0,0,1,0,0,0,1,0,0,0,0,1965,0,1,0,0,0,1,0,0,0,0,0,5,1,2,5,3,2,1,9,2,5,0,7,3,11,2,5,12,690000.0
5,1,0,42.0,10,10,0,0,0,0,1,0,0,0,0,1,0,1,1993,0,1,0,0,0,1,0,0,0,0,0,3,0,4,19,4,0,1,12,15,7,0,7,2,31,9,5,19,2150000.0
1096,1,0,33.0,5,5,0,0,0,1,0,1,0,1,0,0,0,0,1968,0,1,0,0,0,0,0,0,1,0,0,2,0,0,1,2,0,0,3,1,0,0,0,0,4,1,1,4,1830000.0
978,1,0,39.4,8,9,0,0,0,0,1,1,0,0,1,1,0,1,1989,0,1,0,0,0,1,0,0,0,0,0,3,1,0,10,3,3,0,15,5,3,0,7,2,16,3,7,20,1990000.0
77,4,0,81.0,7,10,0,0,0,0,1,2,0,0,1,1,0,1,2000,0,1,0,0,0,1,0,0,0,0,0,4,7,6,24,2,4,1,19,36,5,0,27,6,15,10,15,22,4700000.0
1492,3,0,77.1,15,24,1,1,0,0,0,1,0,1,0,1,1,1,2017,0,1,0,0,0,0,0,0,1,0,0,2,2,3,8,1,0,1,6,2,9,0,8,3,17,4,2,13,4100000.0
394,1,1,15.0,3,5,0,0,0,0,1,0,0,1,0,0,0,0,1964,0,1,0,0,0,1,0,0,0,0,0,2,1,2,4,2,2,1,8,1,5,0,3,2,9,1,4,11,650000.0
35,1,0,41.0,16,26,1,0,0,0,1,1,1,1,0,1,2,1,2017,0,1,0,0,0,0,0,0,0,1,0,7,0,1,12,2,3,0,7,4,9,0,7,1,19,4,8,10,2380000.0
48,1,0,42.0,4,6,0,0,0,0,1,1,0,0,1,1,0,0,2003,0,0,0,0,1,1,0,0,0,0,0,1,0,0,2,2,0,0,2,1,1,0,0,1,6,0,0,3,2300000.0
1237,3,0,75.0,1,10,0,0,0,0,1,1,0,0,1,0,0,0,2006,0,1,0,0,0,1,0,0,0,0,0,2,0,0,2,2,0,0,3,1,2,0,0,1,8,0,0,4,3900000.0
112,1,0,31.0,5,5,0,0,0,0,1,1,0,1,0,0,0,0,1961,0,1,0,0,0,1,0,0,0,0,0,10,15,1,11,5,2,3,6,23,6,0,9,1,20,4,15,21,1650000.0
881,1,1,30.0,1,16,1,0,0,0,1,0,0,0,0,0,0,0,2012,0,1,0,0,0,0,0,0,1,0,0,2,18,0,2,2,2,0,4,0,4,0,3,1,8,1,1,4,1550000.0
584,2,0,53.9,5,10,0,0,0,0,1,1,0,0,1,1,0,1,1996,0,1,0,0,0,1,0,0,0,0,0,3,0,0,19,2,4,0,9,9,9,0,6,0,24,8,9,31,3230000.0
482,2,0,49.0,4,9,0,0,0,0,1,0,1,0,0,1,0,1,1982,0,1,0,0,0,1,0,0,0,0,0,6,1,2,5,0,2,0,2,0,4,0,0,2,9,1,1,5,2400000.0
31,1,1,27.0,1,3,0,0,0,0,1,0,0,1,0,0,0,0,1959,0,1,0,0,0,0,1,0,0,0,0,5,0,0,3,2,1,1,9,3,2,0,2,2,10,2,3,9,1250000.0
1074,1,0,35.7,9,18,1,0,0,0,1,1,0,1,0,1,1,0,2017,0,1,0,0,0,0,0,0,1,0,0,2,1,1,5,2,1,0,7,1,1,1,3,5,4,2,1,7,2050000.0
1379,3,0,73.0,1,4,0,0,0,0,1,0,0,0,0,0,0,0,1951,0,0,1,0,0,0,0,0,1,0,0,2,4,1,2,2,1,1,2,1,1,0,2,0,5,5,3,2,2850000.0
1441,4,0,60.0,1,5,0,0,0,0,1,0,0,0,0,0,0,0,1962,0,1,0,0,0,1,0,0,0,0,0,5,0,2,6,2,3,0,9,5,3,0,2,3,9,0,4,10,2800000.0
1094,2,0,44.0,1,3,0,0,0,1,0,0,0,1,0,0,0,0,1960,0,1,0,0,0,0,0,0,1,0,0,2,0,0,1,1,0,0,3,1,0,0,0,0,4,1,1,4,2500000.0
1598,2,0,82.0,15,17,0,1,0,0,0,1,1,0,1,1,1,1,2011,0,1,0,0,0,0,0,0,1,0,0,1,0,3,14,3,5,1,16,7,3,0,9,1,20,6,3,20,4850000.0
592,2,0,71.0,10,10,0,0,0,0,1,1,0,0,1,1,0,1,2005,0,1,0,0,0,1,0,0,0,0,0,5,0,4,21,4,1,1,13,7,8,0,6,5,30,8,5,18,3100000.0
1222,3,0,62.0,4,5,0,0,1,0,0,1,1,0,1,0,0,1,1988,0,1,0,0,0,1,0,0,0,0,0,1,0,0,0,1,2,0,2,1,0,0,0,0,6,1,0,2,3600000.0
1595,3,0,84.0,3,4,0,1,0,0,0,2,0,0,1,0,0,0,1957,0,1,0,0,0,0,0,0,1,0,0,2,1,1,4,2,2,1,6,1,4,0,3,3,9,1,2,9,3300000.0
999,1,0,36.9,6,9,0,0,1,0,0,0,1,1,0,1,0,1,1971,0,1,0,0,0,1,0,0,0,0,0,5,21,4,22,5,5,1,16,57,9,0,30,5,15,23,23,17,2380000.0
240,4,0,69.2,5,5,0,0,0,0,1,1,0,0,0,0,0,0,1963,0,1,0,0,0,1,0,0,0,0,0,3,1,3,9,2,4,1,10,13,5,1,24,2,12,2,14,13,3250000.0
269,4,0,85.0,7,9,0,0,0,0,1,1,0,0,1,1,0,1,1987,0,1,0,0,0,1,0,0,0,0,0,5,8,1,7,3,3,1,3,5,3,0,7,3,12,6,13,16,4200000.0
704,1,0,27.7,6,13,0,0,0,0,1,0,0,1,0,1,0,1,2006,0,1,0,0,0,1,0,0,0,0,0,3,0,0,3,1,2,0,4,3,0,0,3,1,9,0,2,5,1100000.0
1231,2,0,50.0,3,5,0,0,0,0,1,1,0,0,1,0,0,0,1977,0,1,0,0,0,1,0,0,0,0,0,5,4,1,13,3,1,0,12,18,8,0,9,3,22,4,14,24,3050000.0
1614,3,0,65.0,2,3,0,1,0,0,0,0,0,0,1,0,0,0,1957,0,0,0,1,0,0,0,0,1,0,0,6,0,3,4,2,1,1,11,5,2,0,4,2,6,0,5,14,2400000.0
252,3,0,98.0,4,5,0,0,0,0,1,1,0,0,1,0,0,0,1942,0,0,1,0,0,0,0,0,1,0,0,5,10,1,7,3,2,1,4,4,1,0,5,2,10,4,12,15,4800000.0
1026,1,0,45.1,12,18,0,0,0,0,1,1,0,1,0,1,0,1,2014,0,1,0,0,0,0,0,0,1,0,0,2,0,2,15,3,4,1,14,5,4,0,8,3,18,6,4,21,2760000.0
1306,2,0,44.7,3,5,0,0,0,0,1,1,0,1,0,0,0,0,1963,0,1,0,0,0,0,0,0,1,0,0,4,43,10,17,5,8,3,20,79,6,2,66,1,9,50,37,18,2600000.0
956,4,0,60.7,3,5,0,0,0,1,0,1,0,1,0,0,0,0,1980,0,1,0,0,0,1,0,0,0,0,0,1,0,0,0,1,0,0,3,0,0,0,0,1,1,0,0,0,3100000.0
860,2,0,54.0,4,10,0,0,0,1,0,1,0,0,1,1,0,1,1996,0,1,0,0,0,0,0,0,1,0,0,11,11,1,14,3,3,1,11,16,7,0,5,6,19,3,11,15,3500000.0
1411,3,0,61.0,1,2,1,0,1,0,0,0,0,1,0,0,0,0,1962,0,0,0,1,0,0,0,0,1,0,0,8,1,3,6,1,3,0,8,5,5,0,2,2,11,1,3,8,2400000.0
109,1,0,33.0,8,10,0,0,0,0,1,2,0,0,1,1,0,1,2012,0,1,0,0,0,1,0,0,0,0,0,5,1,2,2,0,1,0,2,0,2,0,0,1,6,1,1,3,1800000.0
1430,4,0,84.0,5,10,0,0,0,0,1,1,0,0,1,0,0,1,1994,0,1,0,0,0,1,0,0,0,0,0,3,0,3,4,2,1,1,11,5,2,0,5,2,6,0,5,14,3250000.0
1456,3,0,57.0,3,5,0,1,0,0,0,1,0,1,0,0,0,0,1974,0,1,0,0,0,1,0,0,0,0,0,2,8,5,11,2,4,0,17,34,2,1,17,5,9,5,12,15,3000000.0
1103,1,1,26.5,13,18,0,0,0,0,1,1,0,1,0,1,0,1,2016,0,1,0,0,0,0,0,0,1,0,0,2,2,3,9,1,0,1,6,2,9,0,10,3,18,5,2,13,1650000.0
120,2,0,45.3,5,5,0,0,0,0,1,1,0,1,0,0,0,0,1962,0,1,0,0,0,1,0,0,0,0,0,5,11,2,17,3,3,2,8,25,6,0,11,5,12,2,12,12,2200000.0
10,4,0,78.2,5,9,0,0,0,0,1,1,1,0,1,1,0,1,1981,0,1,0,0,0,1,0,0,0,0,0,4,0,4,22,4,0,1,12,15,9,0,6,2,36,11,6,20,3800000.0
603,2,0,54.0,9,10,0,0,0,0,1,1,0,0,1,1,0,1,2000,0,1,0,0,0,1,0,0,0,0,0,5,0,2,26,4,4,1,10,13,13,0,8,1,30,11,10,30,3500000.0
1521,4,0,82.0,1,10,0,1,0,0,0,0,0,0,1,1,0,1,1992,0,1,0,0,0,1,0,0,0,0,0,4,4,4,14,2,2,2,21,43,7,1,16,3,14,3,8,18,3850000.0
503,4,0,79.0,4,9,0,0,0,0,1,2,0,0,1,1,0,1,1986,0,1,0,0,0,1,0,0,0,0,0,6,0,0,6,2,2,0,8,2,5,0,6,4,9,3,7,8,3950000.0
1135,2,0,52.0,1,10,0,0,0,0,1,1,0,0,1,1,0,1,2010,0,1,0,0,0,1,0,0,0,0,0,4,2,1,10,4,0,0,17,17,8,0,13,3,17,4,10,21,3100000.0
1262,1,0,34.0,2,10,0,0,0,0,1,0,0,0,0,1,0,1,2002,0,1,0,0,0,1,0,0,0,0,0,4,7,5,28,2,3,1,25,31,5,0,29,7,16,16,21,23,2000000.0
312,2,0,55.0,1,10,0,0,0,0,1,0,0,0,1,1,0,1,1991,0,1,0,0,0,1,0,0,0,0,0,5,0,3,26,5,4,1,11,13,11,0,5,1,37,13,10,27,2990000.0
1365,1,0,31.4,4,5,0,0,0,0,1,1,0,1,0,0,0,0,1975,0,1,0,0,0,1,0,0,0,0,0,3,0,3,3,2,0,2,9,4,2,0,6,4,5,1,5,14,1420000.0
1168,2,0,35.5,2,9,0,0,0,0,1,0,0,0,0,1,0,1,1982,0,1,0,0,0,0,0,0,1,0,0,4,3,3,9,4,1,2,11,12,5,0,9,3,12,2,11,16,2000000.0
539,1,0,45.6,1,18,0,0,0,0,1,0,0,0,1,1,0,1,2017,0,1,0,0,0,1,0,0,0,0,0,1,0,0,1,1,1,0,3,0,0,0,0,0,1,0,0,3,2050000.0
324,2,0,51.2,1,9,0,0,0,0,1,0,0,0,0,1,0,1,1979,0,1,0,0,0,1,0,0,0,0,0,5,0,0,5,1,3,0,8,2,5,0,7,5,11,2,7,8,2650000.0
1224,1,1,18.0,1,5,0,0,0,0,1,0,0,0,1,0,0,0,1971,0,1,0,0,0,0,0,0,1,0,0,1,0,0,0,1,2,0,2,1,0,0,0,0,3,0,0,2,1050000.0
1497,1,0,45.8,15,18,1,1,0,0,0,1,0,1,0,0,0,1,2018,0,1,0,0,0,0,0,0,1,0,0,3,18,0,3,2,2,1,5,0,5,0,3,1,12,2,1,8,2700000.0
484,2,0,46.0,4,5,0,0,0,0,1,1,0,1,0,0,0,0,1964,0,1,0,0,0,1,0,0,0,0,0,4,1,3,5,3,3,1,11,5,9,0,4,2,15,4,6,18,2500000.0
36,3,0,65.5,2,4,0,0,0,0,1,0,0,0,1,0,0,0,1957,0,0,1,0,0,0,0,0,1,0,0,6,8,2,11,3,5,0,9,9,6,0,10,4,19,6,13,29,3500000.0
651,1,0,42.7,10,10,0,0,0,0,1,1,0,1,0,1,0,1,2015,0,1,0,0,0,0,0,0,0,0,1,1,0,0,2,1,1,0,2,1,3,0,2,1,8,0,3,6,2050000.0
591,2,0,53.0,10,10,1,0,0,0,1,1,0,0,0,1,0,1,2005,0,1,0,0,0,1,0,0,0,0,0,5,0,4,21,4,1,1,13,7,8,0,6,5,30,8,5,18,3250000.0
1071,1,0,24.0,7,17,1,0,0,0,1,1,0,1,0,1,1,1,2018,0,1,0,0,0,0,0,0,1,0,0,0,0,0,1,0,0,0,2,0,0,0,0,1,2,0,0,2,1500000.0
66,2,0,53.0,1,10,0,0,0,0,1,0,0,1,0,1,0,1,1994,0,1,0,0,0,1,0,0,0,0,0,3,7,6,34,2,4,4,25,33,10,0,39,5,19,20,37,27,3050000.0
1394,3,0,49.0,1,5,0,0,0,1,0,0,0,1,0,0,0,0,1968,0,1,0,0,0,1,0,0,0,0,0,4,0,1,5,1,2,1,7,4,6,0,2,0,10,1,3,12,2680000.0
1199,4,0,89.0,8,10,1,0,0,0,1,1,0,1,0,1,0,1,1992,0,1,0,0,0,1,0,0,0,0,0,7,2,0,11,3,1,0,22,10,8,0,10,2,19,5,11,24,3800000.0
478,3,0,66.0,3,10,0,0,0,0,1,0,2,0,1,1,0,1,1988,0,1,0,0,0,1,0,0,0,0,0,6,1,2,4,0,2,0,2,1,2,0,0,2,8,1,1,4,2750000.0
1197,2,0,53.2,6,9,1,0,0,0,1,1,0,1,0,1,0,1,1988,0,1,0,0,0,1,0,0,0,0,0,6,3,1,13,3,1,0,22,14,10,0,10,2,21,5,12,25,3150000.0
1475,3,0,65.4,7,10,0,1,0,0,0,1,0,0,1,1,0,1,1990,0,1,0,0,0,1,0,0,0,0,0,5,3,2,7,3,4,1,11,12,4,1,19,2,13,1,16,15,3400000.0
414,1,0,30.0,5,16,1,0,0,0,1,1,0,0,0,1,1,1,2015,0,1,0,0,0,0,0,0,1,0,0,0,0,0,0,0,1,0,1,0,0,0,0,1,5,1,0,2,1500000.0
1196,2,0,52.3,8,9,0,0,0,1,0,0,1,0,1,1,0,1,1985,0,1,0,0,0,1,0,0,0,0,0,7,5,2,19,4,4,3,26,25,12,0,14,2,29,9,18,30,3300000.0
424,1,0,40.7,7,15,0,0,0,0,1,0,1,0,1,1,0,1,2016,0,1,0,0,0,1,0,0,0,0,0,0,0,0,1,0,0,0,3,0,0,0,0,1,3,0,0,2,2150000.0
202,2,0,40.0,9,9,0,0,0,0,1,1,0,1,0,1,0,1,1979,0,1,0,0,0,1,0,0,0,0,0,4,0,3,5,2,2,1,13,4,7,0,2,2,13,5,3,17,2200000.0
169,1,0,17.1,5,5,0,0,0,1,0,0,0,1,0,0,0,0,1973,0,1,0,0,0,1,0,0,0,0,0,3,0,0,1,2,3,0,7,0,2,0,1,3,4,3,0,9,950000.0
556,3,0,87.0,1,10,1,0,0,0,1,0,0,0,1,1,1,1,2013,0,1,0,0,0,0,0,0,0,1,0,4,0,3,13,5,2,1,10,12,5,0,6,3,17,9,6,20,4200000.0
1538,3,0,63.3,5,9,0,1,0,0,0,1,0,0,1,1,0,0,1970,0,1,0,0,0,0,0,0,1,0,0,14,12,1,9,4,1,1,10,6,6,0,6,1,25,5,10,21,3000000.0
755,2,0,48.0,2,5,0,0,0,0,1,1,1,0,0,0,0,1,1978,0,1,0,0,0,1,0,0,0,0,0,4,3,3,10,2,3,1,10,6,14,0,11,4,22,5,4,22,2500000.0
176,1,0,30.6,1,5,0,0,0,0,1,0,0,1,0,0,0,0,1966,0,1,0,0,0,1,0,0,0,0,0,5,1,2,7,5,4,1,12,6,10,0,6,1,18,3,8,17,1600000.0
74,3,0,68.0,8,10,0,0,0,1,0,0,1,1,0,1,0,1,2001,0,1,0,0,0,0,0,0,0,0,1,2,8,6,21,2,4,1,19,38,5,0,23,8,17,10,17,22,4250000.0
876,1,0,50.0,10,16,0,0,0,0,1,1,0,1,0,1,0,1,2012,0,1,0,0,0,0,0,0,1,0,0,2,18,0,2,2,1,0,3,0,4,0,3,1,8,1,1,4,3000000.0
23,4,0,82.0,1,10,1,0,0,1,0,0,0,0,1,0,0,1,1996,0,1,0,0,0,1,0,0,0,0,0,2,0,1,18,0,1,0,11,54,8,1,11,0,19,6,8,24,4350000.0
189,1,0,53.3,2,10,0,0,0,0,1,1,0,0,1,1,0,1,2012,0,1,0,0,0,0,0,0,1,0,0,3,0,2,3,2,3,1,9,4,6,0,2,2,9,3,3,12,3000000.0
1076,1,0,47.0,7,16,1,0,0,0,1,1,0,1,0,1,1,1,2016,0,1,0,0,0,1,0,0,0,0,0,0,0,0,1,0,0,0,3,0,0,0,0,1,3,0,0,2,2450000.0
475,1,0,36.0,1,9,0,0,0,0,1,0,0,1,0,1,0,1,2013,0,1,0,0,0,1,0,0,0,0,0,5,1,2,3,0,2,0,2,0,4,0,0,1,8,1,1,4,1850000.0
1323,4,0,61.0,1,5,0,0,0,0,1,0,0,0,0,0,0,0,1974,0,1,0,0,0,1,0,0,0,0,0,3,0,3,4,1,0,2,8,4,1,0,4,3,8,2,3,11,3080000.0
40,2,0,54.1,8,10,0,0,0,0,1,1,0,0,1,1,0,1,2002,0,1,0,0,0,1,0,0,0,0,0,5,4,4,13,4,2,2,22,45,7,1,18,2,13,5,11,15,3450000.0
529,2,0,48.0,5,5,0,0,0,0,1,1,0,0,1,0,0,0,1966,0,1,0,0,0,1,0,0,0,0,0,8,2,2,10,2,0,0,18,8,3,0,7,2,16,2,7,11,2400000.0
1093,4,0,77.0,2,10,1,0,0,0,1,1,0,0,1,1,0,1,2000,0,1,0,0,0,0,0,0,1,0,0,1,0,0,1,1,1,0,5,2,0,0,0,3,1,0,0,3,3300000.0
1421,1,0,30.0,1,2,0,0,0,0,1,0,0,1,0,0,0,0,1957,1,0,0,1,0,0,1,0,0,0,0,2,0,2,6,2,3,0,8,5,3,0,2,4,8,0,4,10,1250000.0
1438,3,0,67.8,10,10,0,0,0,0,1,2,0,0,0,1,0,1,1992,0,1,0,0,0,1,0,0,0,0,0,5,0,2,4,2,3,0,10,5,1,0,3,3,9,0,4,10,2750000.0
1494,1,0,39.4,2,25,0,1,0,0,0,1,0,1,0,0,0,1,2017,0,1,0,0,0,0,0,0,1,0,0,2,2,3,8,1,0,1,6,2,9,0,8,3,17,4,2,13,2370000.0
1207,2,0,44.4,5,5,0,0,0,0,1,1,0,1,0,0,0,0,1960,0,1,0,0,0,0,0,0,1,0,0,8,4,3,17,2,3,3,18,37,6,2,15,0,27,9,11,25,2650000.0
1410,3,0,60.7,1,2,0,0,0,0,1,0,0,1,0,0,0,0,1962,0,0,0,1,0,0,0,0,1,0,0,8,1,3,6,1,3,0,8,5,5,0,2,2,11,1,3,8,2300000.0
941,2,0,45.0,5,5,0,0,0,0,1,1,0,1,0,0,0,0,1965,0,1,0,0,0,1,0,0,0,0,0,7,2,2,8,2,2,0,17,10,4,0,6,2,18,2,12,15,2210000.0
1044,2,0,49.9,4,5,0,0,0,1,0,1,0,1,0,0,0,0,1970,0,1,0,0,0,1,0,0,0,0,0,6,10,4,18,3,5,0,14,46,9,0,24,5,13,14,20,14,3200000.0
1113,3,0,93.0,13,16,1,0,0,0,1,0,2,0,1,1,1,1,2016,0,1,0,0,0,0,0,0,0,1,0,2,2,3,10,1,0,1,8,3,9,0,10,3,19,4,2,14,4950000.0
1341,2,0,46.0,1,5,1,0,0,0,1,0,0,1,0,0,0,0,1962,0,1,0,0,0,1,0,0,0,0,0,5,1,2,6,3,3,1,9,2,5,0,7,3,11,2,5,14,2400000.0
1476,2,0,45.6,3,5,0,1,0,0,0,1,0,1,0,0,0,0,1964,0,1,0,0,0,1,0,0,0,0,0,7,9,1,10,2,3,2,7,14,7,0,7,1,22,4,9,26,2250000.0
407,1,0,34.0,9,16,0,0,0,0,1,0,1,1,0,1,1,1,2016,0,1,0,0,0,0,0,0,0,0,1,0,0,0,0,0,1,0,2,0,0,0,0,1,5,1,0,3,1950000.0
1067,3,0,63.0,1,5,0,0,0,0,1,0,0,1,0,0,0,0,1970,0,1,0,0,0,1,0,0,0,0,0,5,0,1,8,1,1,0,9,4,3,0,5,2,11,0,9,10,3100000.0
579,5,0,120.0,8,9,0,0,0,1,0,2,1,0,0,1,0,0,1999,0,1,0,0,0,1,0,0,0,0,0,2,0,0,14,1,4,0,9,5,5,0,2,0,15,6,9,25,5500000.0
254,3,0,58.1,3,5,0,0,0,0,1,0,0,1,0,0,0,0,1952,0,0,1,0,0,0,0,0,1,0,0,5,10,1,7,3,3,1,4,4,3,0,5,2,10,4,12,16,3200000.0
697,1,0,38.0,11,13,0,0,0,0,1,0,0,1,0,1,0,1,2006,0,1,0,0,0,1,0,0,0,0,0,3,0,0,3,1,2,0,4,3,0,0,3,1,9,0,2,5,1440000.0
537,3,0,62.5,1,5,0,0,0,0,1,0,0,0,1,0,0,0,1967,0,1,0,0,0,1,0,0,0,0,0,8,2,3,9,3,3,0,14,5,13,0,9,4,19,4,6,18,2850000.0
1549,4,0,60.0,5,5,0,1,0,0,0,1,0,0,1,0,0,0,1973,0,1,0,0,0,1,0,0,0,0,0,2,7,0,2,1,3,4,8,1,1,0,2,1,3,0,2,2,3150000.0
695,2,0,42.0,13,13,0,0,0,0,1,0,0,1,0,1,0,1,2006,0,1,0,0,0,1,0,0,0,0,0,3,0,0,3,1,2,0,4,3,0,0,3,1,9,0,2,5,1650000.0
921,3,0,65.0,6,10,0,0,0,0,1,0,1,0,1,1,0,1,2005,0,1,0,0,0,1,0,0,0,0,0,2,0,0,1,1,2,0,6,0,0,0,2,1,4,0,1,4,2870000.0
377,3,0,87.3,2,18,0,0,0,0,1,0,2,0,1,1,0,1,2014,0,1,0,0,0,1,0,0,0,0,0,1,2,2,7,0,1,1,4,1,7,0,6,0,13,4,1,12,4800000.0
84,4,0,60.0,5,5,0,0,1,0,0,1,0,1,0,0,0,0,1969,0,1,0,0,0,1,0,0,0,0,0,7,7,3,10,2,5,0,11,9,5,0,10,5,16,4,12,29,3200000.0
1267,1,0,31.0,4,5,0,0,0,0,1,0,0,0,0,0,0,0,1963,0,1,0,0,0,0,0,0,1,0,0,5,4,4,13,3,2,3,15,48,1,2,18,3,15,8,8,16,1900000.0
262,1,0,18.0,1,5,0,0,0,0,1,0,0,1,0,0,0,0,1964,0,1,0,0,0,1,0,0,0,0,0,7,9,1,10,2,3,2,7,14,7,0,7,1,22,4,9,26,710000.0
1274,2,0,86.0,6,10,0,0,0,0,1,0,1,1,0,1,0,1,2010,0,1,0,0,0,0,0,0,1,0,0,2,5,4,10,1,6,0,19,22,4,0,18,6,10,9,22,16,5500000.0
786,2,0,45.0,3,5,0,0,0,0,1,0,0,1,0,0,0,0,1971,0,0,0,1,0,0,0,0,1,0,0,3,0,2,3,1,2,1,4,3,2,0,3,5,5,1,1,5,2190000.0
575,3,0,86.6,3,10,0,0,0,0,1,0,1,0,2,1,0,1,2008,0,1,0,0,0,0,0,0,1,0,0,5,0,0,28,3,4,0,12,30,11,0,8,0,33,9,11,36,5200000.0
417,1,0,43.7,9,16,0,0,0,0,1,1,0,1,0,0,0,0,2015,0,1,0,0,0,0,0,0,1,0,0,0,0,0,0,0,1,0,1,0,0,0,0,1,5,1,0,2,2000000.0
1329,1,0,31.0,5,5,0,0,0,0,1,1,0,1,0,0,0,0,1973,0,1,0,0,0,1,0,0,0,0,0,3,0,3,4,1,0,2,7,4,1,0,3,3,7,2,3,11,1650000.0
641,1,0,32.0,5,5,0,0,0,0,1,1,0,1,0,0,0,0,1963,0,1,0,0,0,1,0,0,0,0,0,10,8,1,7,4,2,3,7,13,5,0,6,1,19,4,10,25,1790000.0
502,2,0,58.0,6,10,0,0,0,0,1,2,1,0,0,1,0,1,2001,0,1,0,0,0,1,0,0,0,0,0,6,0,0,6,3,5,0,9,2,7,0,7,1,13,3,9,10,3500000.0
1586,2,0,38.0,2,2,0,1,0,0,0,0,0,1,0,0,0,0,1957,0,0,0,1,0,0,1,0,0,0,0,4,1,2,7,4,2,1,12,4,5,0,8,3,14,2,6,15,1400000.0
1594,2,0,62.0,1,16,0,1,0,0,0,0,0,0,1,1,0,1,2013,0,1,0,0,0,0,0,0,1,0,0,8,7,2,11,2,4,0,8,8,6,0,9,4,17,5,14,33,4000000.0
776,2,0,44.9,5,5,0,0,0,0,1,1,0,0,1,0,0,0,1947,0,0,1,0,0,0,0,0,1,0,0,1,0,2,2,1,1,2,4,1,1,0,2,4,3,1,1,3,1600000.0
979,1,0,39.0,8,10,0,0,0,0,1,0,0,0,0,1,0,1,2004,0,1,0,0,0,1,0,0,0,0,0,3,1,0,10,3,3,0,15,3,3,0,7,2,16,3,5,17,1890000.0
1564,2,0,54.0,8,9,0,1,0,0,0,1,0,0,1,1,0,1,1989,0,1,0,0,0,1,0,0,0,0,0,2,6,3,3,3,1,1,7,24,0,1,13,1,5,1,6,6,3100000.0
609,1,1,15.0,3,9,0,0,0,0,1,0,0,0,0,1,0,1,1979,0,1,0,0,0,1,0,0,0,0,0,5,1,1,10,1,3,0,10,12,5,1,6,5,11,8,1,14,700000.0
397,1,0,18.5,1,5,0,0,0,0,1,0,0,1,0,0,0,0,1964,0,1,0,0,0,1,0,0,0,0,0,2,1,1,4,2,2,1,6,1,5,0,6,3,10,1,4,10,730000.0
1541,2,0,44.0,5,5,0,1,0,0,0,1,0,0,1,0,0,0,1968,0,1,0,0,0,1,0,0,0,0,0,4,0,2,3,1,2,1,5,9,2,0,4,4,5,2,2,5,2400000.0
43,1,0,54.0,5,10,1,0,0,0,1,1,0,1,0,1,0,1,2012,0,1,0,0,0,1,0,0,0,0,0,2,0,0,2,2,0,0,3,1,1,0,0,1,7,0,0,4,3150000.0
1161,2,0,54.0,10,10,0,0,0,0,1,1,0,0,1,1,0,1,2006,0,1,0,0,0,1,0,0,0,0,0,4,3,4,13,3,2,2,21,44,7,1,15,2,15,3,11,16,3400000.0
1560,1,0,34.0,3,5,0,1,0,0,0,1,0,0,1,0,0,1,1987,0,1,0,0,0,1,0,0,0,0,0,3,0,0,1,1,2,0,7,0,0,0,2,1,5,0,1,4,1700000.0
971,1,0,40.0,3,16,1,0,0,0,1,0,0,0,0,1,1,1,2010,0,1,0,0,0,0,0,0,1,0,0,2,0,0,5,2,2,0,10,2,2,0,4,2,11,4,1,11,2260000.0
1254,2,0,45.2,3,5,0,0,0,1,0,0,1,1,0,0,0,0,1961,0,1,0,0,0,1,0,0,0,0,0,9,7,2,10,4,4,0,11,8,7,0,10,5,19,4,15,32,2750000.0
318,2,0,45.0,1,5,0,0,0,0,1,0,0,1,0,0,0,0,1973,0,1,0,0,0,1,0,0,0,0,0,5,0,1,6,1,3,0,6,3,5,0,7,2,11,2,8,9,2100000.0
1373,2,0,49.0,2,5,0,0,0,0,1,1,0,0,1,0,0,0,1979,0,1,0,0,0,1,0,0,0,0,0,1,0,3,3,2,1,1,11,5,2,0,6,3,4,1,5,13,3000000.0
499,2,0,39.0,2,12,0,0,0,0,1,0,2,0,1,1,0,1,1983,0,1,0,0,0,1,0,0,0,0,0,9,0,3,6,3,4,1,13,5,11,0,5,1,22,4,8,18,2450000.0
1375,1,1,21.0,3,5,1,0,0,0,1,0,0,1,0,1,1,0,2016,0,1,0,0,0,0,0,0,0,1,0,2,0,2,3,2,2,0,9,5,1,0,2,3,5,0,4,9,1300000.0
1128,2,0,49.0,5,5,0,0,0,0,1,2,0,1,0,0,0,0,1974,0,1,0,0,0,1,0,0,0,0,0,2,1,0,2,1,2,0,7,6,4,1,2,6,4,1,1,6,2100000.0
